Source,Target,Type,Weight
国家,卫生,Undirected,20
国家,健康,Undirected,19
国家,肺炎,Undirected,17
国家,疫情,Undirected,30
国家,防控,Undirected,23
国家,工作,Undirected,22
国家,人民网,Undirected,30
国家,北京,Undirected,30
国家,日电,Undirected,29
国家,记者,Undirected,13
国家,医疗,Undirected,13
国家,救治,Undirected,11
国家,湖北,Undirected,23
国家,医疗队,Undirected,13
国家,医院,Undirected,15
国家,武汉,Undirected,22
国家,累计,Undirected,13
国家,介绍,Undirected,10
国家,患者,Undirected,16
国家,重症,Undirected,16
国家,其中,Undirected,14
国家,治愈,Undirected,10
国家,出院,Undirected,12
国家,病例,Undirected,18
国家,确诊,Undirected,17
国家,新增,Undirected,15
国家,全国,Undirected,12
国家,截至,Undirected,12
国家,死亡,Undirected,11
国家,报告,Undirected,11
国家,表示,Undirected,11
国家,情况,Undirected,11
国家,感染,Undirected,11
国家,卫健委,Undirected,11
国家,新闻,Undirected,15
国家,发布会,Undirected,18
国家,举行,Undirected,13
国家,今日,Undirected,15
国家,密切接触,Undirected,11
国家,上午,Undirected,10
卫生,健康,Undirected,29
卫生,肺炎,Undirected,19
卫生,疫情,Undirected,20
卫生,防控,Undirected,15
卫生,工作,Undirected,15
卫生,人民网,Undirected,25
卫生,北京,Undirected,23
卫生,日电,Undirected,24
卫生,湖北,Undirected,15
卫生,累计,Undirected,14
卫生,其中,Undirected,10
卫生,病例,Undirected,22
卫生,确诊,Undirected,17
卫生,新增,Undirected,18
卫生,截至,Undirected,12
卫生,报告,Undirected,14
卫生,新型,Undirected,11
卫生,冠状病毒,Undirected,11
卫生,委员会,Undirected,17
卫生,日时,Undirected,10
卫生,新闻,Undirected,13
卫生,发布会,Undirected,14
卫生,举行,Undirected,11
卫生,今日,Undirected,12
健康,肺炎,Undirected,19
健康,疫情,Undirected,32
健康,防控,Undirected,25
健康,工作,Undirected,21
健康,人民网,Undirected,26
健康,北京,Undirected,26
健康,日电,Undirected,26
健康,湖北,Undirected,17
健康,武汉,Undirected,14
健康,累计,Undirected,15
健康,患者,Undirected,10
健康,重症,Undirected,12
健康,目前,Undirected,10
健康,其中,Undirected,11
健康,病例,Undirected,25
健康,确诊,Undirected,21
健康,新增,Undirected,18
健康,截至,Undirected,12
健康,报告,Undirected,16
健康,新型,Undirected,14
健康,冠状病毒,Undirected,14
健康,委员会,Undirected,16
健康,感染,Undirected,11
健康,日时,Undirected,10
健康,新闻,Undirected,13
健康,发布会,Undirected,14
健康,举行,Undirected,11
健康,今日,Undirected,12
健康,密切接触,Undirected,10
中国,肺炎,Undirected,12
中国,疫情,Undirected,22
中国,防控,Undirected,16
中国,工作,Undirected,12
中国,人民网,Undirected,11
中国,武汉,Undirected,11
中国,人民,Undirected,13
支援,新冠,Undirected,11
支援,肺炎,Undirected,13
支援,疫情,Undirected,32
支援,防控,Undirected,17
支援,工作,Undirected,29
支援,日电,Undirected,11
支援,医疗,Undirected,21
支援,救治,Undirected,16
支援,物资,Undirected,17
支援,湖北,Undirected,32
支援,医疗队,Undirected,27
支援,医院,Undirected,32
支援,我们,Undirected,27
支援,武汉,Undirected,33
支援,对口,Undirected,10
支援,队员,Undirected,20
支援,一线,Undirected,13
支援,患者,Undirected,25
支援,重症,Undirected,15
支援,医护人员,Undirected,16
支援,人民,Undirected,15
支援,他们,Undirected,14
新冠,肺炎,Undirected,93
新冠,疫情,Undirected,64
新冠,防控,Undirected,51
新冠,工作,Undirected,51
新冠,人民网,Undirected,41
新冠,北京,Undirected,20
新冠,日电,Undirected,28
新冠,记者,Undirected,15
新冠,医疗,Undirected,15
新冠,救治,Undirected,13
新冠,物资,Undirected,10
新冠,湖北,Undirected,17
新冠,捐赠,Undirected,10
新冠,医疗队,Undirected,14
新冠,医院,Undirected,38
新冠,我们,Undirected,19
新冠,武汉,Undirected,30
新冠,襄阳,Undirected,12
新冠,万元,Undirected,10
新冠,累计,Undirected,17
新冠,小时,Undirected,10
新冠,提供,Undirected,11
新冠,一线,Undirected,35
新冠,湖北省,Undirected,18
新冠,企业,Undirected,11
新冠,参与,Undirected,23
新冠,复工,Undirected,13
新冠,患者,Undirected,38
新冠,重症,Undirected,25
新冠,开展,Undirected,18
新冠,医护人员,Undirected,16
新冠,治疗,Undirected,26
新冠,目前,Undirected,12
新冠,其中,Undirected,18
新冠,治愈,Undirected,12
新冠,进行,Undirected,23
新冠,出院,Undirected,22
新冠,方式,Undirected,11
新冠,病例,Undirected,21
新冠,确诊,Undirected,17
新冠,新增,Undirected,14
新冠,人员,Undirected,13
新冠,全国,Undirected,13
新冠,截至,Undirected,15
新冠,报告,Undirected,10
新冠,党员,Undirected,18
新冠,武汉市,Undirected,19
新冠,人民,Undirected,34
新冠,危重症,Undirected,13
新冠,各级,Undirected,10
新冠,组织,Undirected,17
新冠,战疫,Undirected,10
新冠,时间,Undirected,14
新冠,一个,Undirected,12
新冠,隔离,Undirected,19
新冠,他们,Undirected,21
新冠,临床,Undirected,10
新冠,检测,Undirected,12
新冠,医生,Undirected,11
新冠,病人,Undirected,12
新冠,护士,Undirected,12
新冠,情况,Undirected,17
新冠,战斗,Undirected,10
新冠,感染,Undirected,12
新冠,接受,Undirected,12
新冠,通过,Undirected,18
新冠,年月日时,Undirected,11
新冠,服务,Undirected,10
新冠,卫健委,Undirected,11
新冠,广大党员,Undirected,23
新冠,消息,Undirected,12
新冠,荆门市,Undirected,11
新冠,单位,Undirected,10
新冠,黄冈市,Undirected,11
新冠,社区,Undirected,12
新冠,咸宁市,Undirected,11
新冠,天门市,Undirected,10
新冠,市例,Undirected,10
新冠,中国共产党,Undirected,18
新冠,没有,Undirected,10
新冠,病房,Undirected,10
新冠,公众,Undirected,19
新冠,宣传,Undirected,14
新冠,党组织,Undirected,23
新冠,党建,Undirected,23
新冠,先锋,Undirected,10
新冠,新闻网,Undirected,17
肺炎,疫情,Undirected,102
肺炎,防控,Undirected,78
肺炎,工作,Undirected,79
肺炎,专家,Undirected,15
肺炎,人民网,Undirected,75
肺炎,北京,Undirected,38
肺炎,日电,Undirected,62
肺炎,记者,Undirected,29
肺炎,医疗,Undirected,22
肺炎,救治,Undirected,23
肺炎,物资,Undirected,13
肺炎,团队,Undirected,10
肺炎,湖北,Undirected,29
肺炎,捐赠,Undirected,12
肺炎,医疗队,Undirected,20
肺炎,医院,Undirected,51
肺炎,指挥部,Undirected,10
肺炎,发生,Undirected,11
肺炎,以来,Undirected,13
肺炎,我们,Undirected,31
肺炎,武汉,Undirected,45
肺炎,襄阳,Undirected,13
肺炎,保障,Undirected,11
肺炎,万元,Undirected,10
肺炎,累计,Undirected,39
肺炎,小时,Undirected,13
肺炎,提供,Undirected,19
肺炎,一线,Undirected,42
肺炎,湖北省,Undirected,25
肺炎,企业,Undirected,16
肺炎,介绍,Undirected,11
肺炎,参与,Undirected,28
肺炎,问题,Undirected,10
肺炎,复工,Undirected,15
肺炎,相关,Undirected,12
肺炎,患者,Undirected,56
肺炎,重症,Undirected,35
肺炎,开展,Undirected,22
肺炎,抗疫,Undirected,10
肺炎,医护人员,Undirected,24
肺炎,收治,Undirected,14
肺炎,治疗,Undirected,32
肺炎,目前,Undirected,29
肺炎,其中,Undirected,34
肺炎,治愈,Undirected,26
肺炎,进行,Undirected,31
肺炎,出院,Undirected,40
肺炎,方式,Undirected,14
肺炎,病例,Undirected,48
肺炎,确诊,Undirected,45
肺炎,新增,Undirected,37
肺炎,现有,Undirected,13
肺炎,人员,Undirected,29
肺炎,措施,Undirected,15
肺炎,全国,Undirected,21
肺炎,截至,Undirected,31
肺炎,死亡,Undirected,17
肺炎,报告,Undirected,33
肺炎,疑似病例,Undirected,17
肺炎,防疫,Undirected,13
肺炎,党员,Undirected,20
肺炎,需要,Undirected,14
肺炎,武汉市,Undirected,33
肺炎,附属,Undirected,10
肺炎,人民,Undirected,40
肺炎,病区,Undirected,11
肺炎,危重,Undirected,11
肺炎,第一,Undirected,12
肺炎,危重症,Undirected,15
肺炎,各级,Undirected,11
肺炎,组织,Undirected,21
肺炎,复产,Undirected,10
肺炎,发挥,Undirected,10
肺炎,战疫,Undirected,11
肺炎,时间,Undirected,21
肺炎,一个,Undirected,19
肺炎,隔离,Undirected,31
肺炎,他们,Undirected,27
肺炎,孝感市,Undirected,10
肺炎,临床,Undirected,14
肺炎,新型,Undirected,56
肺炎,冠状病毒,Undirected,55
肺炎,检测,Undirected,15
肺炎,标题,Undirected,16
肺炎,医生,Undirected,13
肺炎,鄂州市,Undirected,10
肺炎,表示,Undirected,13
肺炎,病人,Undirected,16
肺炎,护士,Undirected,13
肺炎,自己,Undirected,11
肺炎,情况,Undirected,24
肺炎,这个,Undirected,10
肺炎,管理,Undirected,13
肺炎,主任,Undirected,12
肺炎,大家,Undirected,10
肺炎,随州市,Undirected,10
肺炎,战斗,Undirected,11
肺炎,委员会,Undirected,13
肺炎,感染,Undirected,53
肺炎,部门,Undirected,11
肺炎,接受,Undirected,23
肺炎,通过,Undirected,19
肺炎,加强,Undirected,11
肺炎,全省,Undirected,15
肺炎,新华社,Undirected,11
肺炎,年月日时,Undirected,22
肺炎,日时,Undirected,20
肺炎,黄石市,Undirected,10
肺炎,服务,Undirected,17
肺炎,联防,Undirected,10
肺炎,卫健委,Undirected,21
肺炎,正在,Undirected,15
肺炎,活动,Undirected,12
肺炎,责编,Undirected,11
肺炎,信息,Undirected,12
肺炎,期间,Undirected,10
肺炎,年月日,Undirected,11
肺炎,根据,Undirected,10
肺炎,广大党员,Undirected,26
肺炎,病毒,Undirected,11
肺炎,十堰市,Undirected,10
肺炎,做好,Undirected,15
肺炎,机制,Undirected,10
肺炎,新闻,Undirected,12
肺炎,发布会,Undirected,14
肺炎,出现,Undirected,11
肺炎,重点,Undirected,10
肺炎,消息,Undirected,25
肺炎,发布,Undirected,11
肺炎,荆门市,Undirected,12
肺炎,同时,Undirected,12
肺炎,医学观察,Undirected,15
肺炎,黄冈市,Undirected,14
肺炎,社区,Undirected,16
肺炎,宜昌市,Undirected,10
肺炎,荆州市,Undirected,10
肺炎,咸宁市,Undirected,12
肺炎,恩施州,Undirected,10
肺炎,仙桃市,Undirected,10
肺炎,天门市,Undirected,10
肺炎,网站,Undirected,15
肺炎,市例,Undirected,13
肺炎,群众,Undirected,15
肺炎,有关,Undirected,11
肺炎,中国共产党,Undirected,22
肺炎,没有,Undirected,14
肺炎,可能,Undirected,10
肺炎,病房,Undirected,12
肺炎,举行,Undirected,10
肺炎,今日,Undirected,10
肺炎,密切接触,Undirected,15
肺炎,公众,Undirected,27
肺炎,宣传,Undirected,16
肺炎,党组织,Undirected,26
肺炎,党建,Undirected,26
肺炎,先锋,Undirected,10
肺炎,新闻网,Undirected,20
疫情,专家,Undirected,14
疫情,人民网,Undirected,96
疫情,北京,Undirected,48
疫情,日电,Undirected,67
疫情,记者,Undirected,45
疫情,医疗,Undirected,35
疫情,救治,Undirected,26
疫情,物资,Undirected,54
疫情,团队,Undirected,10
疫情,来自,Undirected,12
疫情,湖北,Undirected,63
疫情,捐赠,Undirected,25
疫情,驰援,Undirected,13
疫情,医疗队,Undirected,32
疫情,医院,Undirected,66
疫情,指挥部,Undirected,16
疫情,运送,Undirected,10
疫情,爱心,Undirected,11
疫情,发生,Undirected,18
疫情,以来,Undirected,23
疫情,有限公司,Undirected,12
疫情,医务人员,Undirected,13
疫情,我们,Undirected,75
疫情,生活,Undirected,14
疫情,武汉,Undirected,94
疫情,保障,Undirected,35
疫情,万元,Undirected,23
疫情,累计,Undirected,17
疫情,对口,Undirected,10
疫情,亿元,Undirected,10
疫情,队员,Undirected,21
疫情,平台,Undirected,10
疫情,提供,Undirected,33
疫情,生产,Undirected,29
疫情,一线,Undirected,84
疫情,湖北省,Undirected,26
疫情,社会,Undirected,19
疫情,应急,Undirected,17
疫情,企业,Undirected,60
疫情,安全,Undirected,23
疫情,介绍,Undirected,13
疫情,参与,Undirected,57
疫情,员工,Undirected,17
疫情,系统,Undirected,11
疫情,问题,Undirected,34
疫情,复工,Undirected,49
疫情,对于,Undirected,15
疫情,影响,Undirected,17
疫情,医用,Undirected,10
疫情,口罩,Undirected,30
疫情,政府,Undirected,12
疫情,防护,Undirected,18
疫情,相关,Undirected,35
疫情,地区,Undirected,27
疫情,每天,Undirected,16
疫情,必须,Undirected,17
疫情,春节,Undirected,14
疫情,作为,Undirected,24
疫情,患者,Undirected,48
疫情,重症,Undirected,25
疫情,就是,Undirected,28
疫情,开展,Undirected,47
疫情,现在,Undirected,12
疫情,抗疫,Undirected,24
疫情,一名,Undirected,11
疫情,医护人员,Undirected,31
疫情,收治,Undirected,10
疫情,治疗,Undirected,16
疫情,目前,Undirected,22
疫情,其中,Undirected,16
疫情,治愈,Undirected,10
疫情,进行,Undirected,45
疫情,出院,Undirected,21
疫情,可以,Undirected,12
疫情,方式,Undirected,32
疫情,病例,Undirected,26
疫情,确诊,Undirected,29
疫情,新增,Undirected,15
疫情,人员,Undirected,57
疫情,措施,Undirected,34
疫情,全国,Undirected,37
疫情,截至,Undirected,16
疫情,报告,Undirected,13
疫情,防疫,Undirected,45
疫情,党员,Undirected,47
疫情,任务,Undirected,10
疫情,需要,Undirected,22
疫情,了解,Undirected,11
疫情,近日,Undirected,10
疫情,全部,Undirected,10
疫情,武汉市,Undirected,35
疫情,人民,Undirected,89
疫情,第一,Undirected,12
疫情,各级,Undirected,30
疫情,行动,Undirected,14
疫情,组织,Undirected,51
疫情,复产,Undirected,34
疫情,发挥,Undirected,21
疫情,战疫,Undirected,32
疫情,部署,Undirected,16
疫情,责任,Undirected,21
疫情,抗击,Undirected,26
疫情,对接,Undirected,10
疫情,需求,Undirected,12
疫情,阻击战,Undirected,21
疫情,时间,Undirected,27
疫情,特别,Undirected,13
疫情,紧急,Undirected,10
疫情,一个,Undirected,36
疫情,隔离,Undirected,28
疫情,他们,Undirected,42
疫情,为了,Undirected,13
疫情,新型,Undirected,36
疫情,冠状病毒,Undirected,33
疫情,检测,Undirected,17
疫情,标题,Undirected,18
疫情,医生,Undirected,15
疫情,表示,Undirected,36
疫情,其他,Undirected,10
疫情,确保,Undirected,25
疫情,病人,Undirected,18
疫情,护士,Undirected,12
疫情,自己,Undirected,18
疫情,情况,Undirected,39
疫情,这个,Undirected,17
疫情,管理,Undirected,23
疫情,主任,Undirected,13
疫情,大家,Undirected,18
疫情,战斗,Undirected,24
疫情,这场,Undirected,22
疫情,感染,Undirected,44
疫情,部门,Undirected,27
疫情,通过,Undirected,38
疫情,全市,Undirected,12
疫情,加强,Undirected,31
疫情,针对,Undirected,12
疫情,力量,Undirected,16
疫情,新华社,Undirected,12
疫情,市场,Undirected,10
疫情,按照,Undirected,18
疫情,支持,Undirected,18
疫情,安排,Undirected,11
疫情,下午,Undirected,11
疫情,服务,Undirected,50
疫情,指导,Undirected,23
疫情,国务院,Undirected,20
疫情,联防,Undirected,21
疫情,联控,Undirected,19
疫情,正在,Undirected,10
疫情,志愿者,Undirected,19
疫情,活动,Undirected,27
疫情,项目,Undirected,12
疫情,信息,Undirected,30
疫情,监测,Undirected,10
疫情,工作人员,Undirected,13
疫情,期间,Undirected,22
疫情,党支部,Undirected,15
疫情,根据,Undirected,12
疫情,协调,Undirected,10
疫情,广大党员,Undirected,49
疫情,中央,Undirected,14
疫情,病毒,Undirected,17
疫情,打赢,Undirected,14
疫情,做好,Undirected,43
疫情,干部,Undirected,30
疫情,机构,Undirected,10
疫情,志愿,Undirected,14
疫情,看到,Undirected,11
疫情,通知,Undirected,14
疫情,积极,Undirected,17
疫情,机制,Undirected,23
疫情,新闻,Undirected,24
疫情,发布会,Undirected,27
疫情,出现,Undirected,17
疫情,及时,Undirected,34
疫情,所有,Undirected,15
疫情,居民,Undirected,11
疫情,已经,Undirected,15
疫情,主动,Undirected,16
疫情,各地,Undirected,30
疫情,政策,Undirected,20
疫情,落实,Undirected,24
疫情,要求,Undirected,30
疫情,重点,Undirected,32
疫情,发布,Undirected,18
疫情,单位,Undirected,27
疫情,岗位,Undirected,14
疫情,同时,Undirected,29
疫情,召开,Undirected,13
疫情,规定,Undirected,10
疫情,发现,Undirected,11
疫情,当前,Undirected,20
疫情,街道,Undirected,12
疫情,非常,Undirected,11
疫情,学生,Undirected,11
疫情,学习,Undirected,10
疫情,严格,Undirected,11
疫情,全面,Undirected,17
疫情,集中,Undirected,13
疫情,社区,Undirected,34
疫情,群众,Undirected,43
疫情,有关,Undirected,17
疫情,网上,Undirected,13
疫情,这些,Undirected,12
疫情,引导,Undirected,11
疫情,应对,Undirected,17
疫情,中国共产党,Undirected,37
疫情,成立,Undirected,13
疫情,一些,Undirected,20
疫情,消毒,Undirected,19
疫情,视频,Undirected,11
疫情,没有,Undirected,37
疫情,习近平,Undirected,14
疫情,总书记,Undirected,12
疫情,重要,Undirected,18
疫情,会议,Undirected,11
疫情,解决,Undirected,12
疫情,可能,Undirected,21
疫情,领导,Undirected,19
疫情,小区,Undirected,12
疫情,传播,Undirected,14
疫情,不同,Undirected,11
疫情,不是,Undirected,12
疫情,举行,Undirected,18
疫情,今日,Undirected,20
疫情,应该,Undirected,12
疫情,微信,Undirected,10
疫情,密切接触,Undirected,10
疫情,排查,Undirected,12
疫情,发展,Undirected,25
疫情,公众,Undirected,43
疫情,作用,Undirected,10
疫情,全区,Undirected,11
疫情,上午,Undirected,14
疫情,面前,Undirected,10
疫情,教育,Undirected,11
疫情,基层,Undirected,28
疫情,不能,Undirected,21
疫情,宣传,Undirected,29
疫情,一场,Undirected,10
疫情,科学,Undirected,11
疫情,担当,Undirected,11
疫情,就业,Undirected,15
疫情,坚持,Undirected,17
疫情,推动,Undirected,15
疫情,地方,Undirected,15
疫情,建立,Undirected,11
疫情,能力,Undirected,12
疫情,精准,Undirected,12
疫情,有序,Undirected,16
疫情,举措,Undirected,13
疫情,党组织,Undirected,53
疫情,治理,Undirected,12
疫情,众志成城,Undirected,11
疫情,党员干部,Undirected,18
疫情,党建,Undirected,50
疫情,先锋,Undirected,23
疫情,新闻网,Undirected,36
疫情,堡垒作用,Undirected,11
疫情,模范作用,Undirected,14
防控,专家,Undirected,10
防控,人民网,Undirected,76
防控,北京,Undirected,37
防控,日电,Undirected,47
防控,记者,Undirected,33
防控,医疗,Undirected,22
防控,救治,Undirected,15
防控,物资,Undirected,42
防控,湖北,Undirected,46
防控,捐赠,Undirected,17
防控,医疗队,Undirected,16
防控,医院,Undirected,35
防控,指挥部,Undirected,15
防控,发生,Undirected,11
防控,以来,Undirected,16
防控,医务人员,Undirected,10
防控,我们,Undirected,44
防控,生活,Undirected,12
防控,武汉,Undirected,55
防控,保障,Undirected,30
防控,万元,Undirected,18
防控,累计,Undirected,13
防控,队员,Undirected,10
防控,提供,Undirected,24
防控,生产,Undirected,25
防控,一线,Undirected,71
防控,湖北省,Undirected,17
防控,社会,Undirected,12
防控,应急,Undirected,12
防控,企业,Undirected,46
防控,安全,Undirected,17
防控,介绍,Undirected,11
防控,参与,Undirected,53
防控,员工,Undirected,15
防控,系统,Undirected,10
防控,问题,Undirected,28
防控,复工,Undirected,45
防控,影响,Undirected,12
防控,口罩,Undirected,21
防控,防护,Undirected,14
防控,相关,Undirected,27
防控,地区,Undirected,21
防控,必须,Undirected,12
防控,作为,Undirected,15
防控,患者,Undirected,22
防控,重症,Undirected,12
防控,就是,Undirected,20
防控,开展,Undirected,44
防控,抗疫,Undirected,16
防控,一名,Undirected,10
防控,医护人员,Undirected,11
防控,目前,Undirected,16
防控,其中,Undirected,12
防控,进行,Undirected,33
防控,方式,Undirected,31
防控,病例,Undirected,17
防控,确诊,Undirected,20
防控,人员,Undirected,46
防控,措施,Undirected,28
防控,全国,Undirected,28
防控,截至,Undirected,11
防控,报告,Undirected,10
防控,防疫,Undirected,38
防控,党员,Undirected,44
防控,需要,Undirected,18
防控,武汉市,Undirected,20
防控,人民,Undirected,77
防控,各级,Undirected,29
防控,行动,Undirected,12
防控,组织,Undirected,47
防控,复产,Undirected,32
防控,发挥,Undirected,20
防控,战疫,Undirected,29
防控,部署,Undirected,15
防控,责任,Undirected,19
防控,抗击,Undirected,15
防控,需求,Undirected,10
防控,阻击战,Undirected,20
防控,时间,Undirected,18
防控,一个,Undirected,22
防控,隔离,Undirected,19
防控,他们,Undirected,17
防控,新型,Undirected,28
防控,冠状病毒,Undirected,25
防控,检测,Undirected,10
防控,表示,Undirected,19
防控,确保,Undirected,21
防控,情况,Undirected,26
防控,管理,Undirected,19
防控,主任,Undirected,13
防控,大家,Undirected,11
防控,战斗,Undirected,21
防控,这场,Undirected,15
防控,感染,Undirected,31
防控,部门,Undirected,24
防控,通过,Undirected,30
防控,全市,Undirected,12
防控,加强,Undirected,25
防控,针对,Undirected,11
防控,力量,Undirected,15
防控,新华社,Undirected,10
防控,按照,Undirected,13
防控,支持,Undirected,13
防控,安排,Undirected,11
防控,服务,Undirected,42
防控,指导,Undirected,18
防控,国务院,Undirected,15
防控,联防,Undirected,17
防控,联控,Undirected,15
防控,志愿者,Undirected,14
防控,活动,Undirected,24
防控,项目,Undirected,12
防控,信息,Undirected,26
防控,工作人员,Undirected,10
防控,期间,Undirected,16
防控,党支部,Undirected,15
防控,广大党员,Undirected,49
防控,中央,Undirected,12
防控,打赢,Undirected,11
防控,做好,Undirected,38
防控,干部,Undirected,29
防控,志愿,Undirected,11
防控,积极,Undirected,15
防控,机制,Undirected,18
防控,新闻,Undirected,20
防控,发布会,Undirected,22
防控,出现,Undirected,15
防控,及时,Undirected,28
防控,主动,Undirected,13
防控,各地,Undirected,22
防控,政策,Undirected,16
防控,落实,Undirected,22
防控,要求,Undirected,25
防控,重点,Undirected,31
防控,发布,Undirected,13
防控,单位,Undirected,21
防控,岗位,Undirected,10
防控,同时,Undirected,28
防控,召开,Undirected,12
防控,当前,Undirected,17
防控,街道,Undirected,10
防控,严格,Undirected,11
防控,全面,Undirected,14
防控,社区,Undirected,32
防控,群众,Undirected,40
防控,有关,Undirected,16
防控,中国共产党,Undirected,37
防控,成立,Undirected,12
防控,一些,Undirected,16
防控,消毒,Undirected,14
防控,没有,Undirected,25
防控,习近平,Undirected,14
防控,总书记,Undirected,12
防控,重要,Undirected,17
防控,会议,Undirected,10
防控,解决,Undirected,12
防控,可能,Undirected,13
防控,领导,Undirected,19
防控,小区,Undirected,11
防控,举行,Undirected,15
防控,今日,Undirected,15
防控,微信,Undirected,10
防控,排查,Undirected,10
防控,发展,Undirected,22
防控,公众,Undirected,40
防控,全区,Undirected,11
防控,上午,Undirected,10
防控,教育,Undirected,11
防控,基层,Undirected,26
防控,不能,Undirected,17
防控,宣传,Undirected,29
防控,担当,Undirected,11
防控,就业,Undirected,11
防控,坚持,Undirected,17
防控,推动,Undirected,14
防控,地方,Undirected,10
防控,建立,Undirected,11
防控,能力,Undirected,10
防控,精准,Undirected,12
防控,有序,Undirected,13
防控,举措,Undirected,12
防控,党组织,Undirected,53
防控,治理,Undirected,11
防控,党员干部,Undirected,18
防控,党建,Undirected,50
防控,先锋,Undirected,23
防控,新闻网,Undirected,36
防控,堡垒作用,Undirected,11
防控,模范作用,Undirected,14
工作,专家,Undirected,10
工作,人民网,Undirected,72
工作,北京,Undirected,35
工作,日电,Undirected,49
工作,记者,Undirected,32
工作,医疗,Undirected,27
工作,救治,Undirected,21
工作,物资,Undirected,38
工作,团队,Undirected,10
工作,湖北,Undirected,47
工作,捐赠,Undirected,14
工作,医疗队,Undirected,31
工作,医院,Undirected,55
工作,指挥部,Undirected,13
工作,以来,Undirected,13
工作,我们,Undirected,48
工作,生活,Undirected,11
工作,武汉,Undirected,68
工作,保障,Undirected,25
工作,万元,Undirected,14
工作,累计,Undirected,12
工作,队员,Undirected,20
工作,小时,Undirected,10
工作,提供,Undirected,16
工作,生产,Undirected,18
工作,一线,Undirected,67
工作,湖北省,Undirected,18
工作,应急,Undirected,15
工作,企业,Undirected,40
工作,安全,Undirected,16
工作,参与,Undirected,47
工作,员工,Undirected,12
工作,系统,Undirected,10
工作,问题,Undirected,25
工作,复工,Undirected,37
工作,口罩,Undirected,20
工作,防护,Undirected,19
工作,相关,Undirected,20
工作,地区,Undirected,18
工作,每天,Undirected,15
工作,防护服,Undirected,13
工作,必须,Undirected,15
工作,作为,Undirected,20
工作,患者,Undirected,39
工作,重症,Undirected,27
工作,就是,Undirected,19
工作,开展,Undirected,45
工作,现在,Undirected,11
工作,抗疫,Undirected,20
工作,一名,Undirected,13
工作,医护人员,Undirected,24
工作,收治,Undirected,11
工作,治疗,Undirected,12
工作,目前,Undirected,12
工作,其中,Undirected,15
工作,进行,Undirected,33
工作,出院,Undirected,13
工作,同事,Undirected,12
工作,方式,Undirected,27
工作,病例,Undirected,14
工作,确诊,Undirected,19
工作,人员,Undirected,39
工作,措施,Undirected,20
工作,全国,Undirected,22
工作,截至,Undirected,12
工作,报告,Undirected,11
工作,防疫,Undirected,36
工作,党员,Undirected,43
工作,需要,Undirected,22
工作,武汉市,Undirected,23
工作,进入,Undirected,11
工作,人民,Undirected,71
工作,病区,Undirected,12
工作,第一,Undirected,10
工作,危重症,Undirected,10
工作,各级,Undirected,25
工作,组织,Undirected,43
工作,复产,Undirected,24
工作,发挥,Undirected,18
工作,战疫,Undirected,22
工作,部署,Undirected,12
工作,责任,Undirected,13
工作,抗击,Undirected,15
工作,阻击战,Undirected,17
工作,时间,Undirected,28
工作,特别,Undirected,11
工作,一个,Undirected,23
工作,隔离,Undirected,19
工作,他们,Undirected,34
工作,新型,Undirected,24
工作,冠状病毒,Undirected,24
工作,检测,Undirected,14
工作,医生,Undirected,13
工作,今天,Undirected,10
工作,表示,Undirected,18
工作,确保,Undirected,17
工作,病人,Undirected,14
工作,护士,Undirected,17
工作,自己,Undirected,20
工作,情况,Undirected,32
工作,这个,Undirected,10
工作,管理,Undirected,19
工作,主任,Undirected,13
工作,大家,Undirected,13
工作,战斗,Undirected,23
工作,这场,Undirected,14
工作,感染,Undirected,33
工作,部门,Undirected,20
工作,通过,Undirected,29
工作,加强,Undirected,24
工作,力量,Undirected,13
工作,新华社,Undirected,10
工作,按照,Undirected,13
工作,支持,Undirected,12
工作,安排,Undirected,13
工作,服务,Undirected,40
工作,指导,Undirected,15
工作,国务院,Undirected,17
工作,联防,Undirected,18
工作,联控,Undirected,16
工作,志愿者,Undirected,13
工作,活动,Undirected,22
工作,项目,Undirected,11
工作,信息,Undirected,20
工作,监测,Undirected,11
工作,工作人员,Undirected,12
工作,期间,Undirected,12
工作,党支部,Undirected,14
工作,广大党员,Undirected,44
工作,中央,Undirected,10
工作,打赢,Undirected,11
工作,做好,Undirected,37
工作,干部,Undirected,29
工作,志愿,Undirected,12
工作,看到,Undirected,10
工作,通知,Undirected,12
工作,积极,Undirected,12
工作,机制,Undirected,20
工作,新闻,Undirected,18
工作,发布会,Undirected,20
工作,及时,Undirected,25
工作,已经,Undirected,11
工作,主动,Undirected,17
工作,各地,Undirected,20
工作,政策,Undirected,14
工作,落实,Undirected,21
工作,要求,Undirected,23
工作,重点,Undirected,27
工作,单位,Undirected,20
工作,岗位,Undirected,10
工作,同时,Undirected,25
工作,召开,Undirected,12
工作,当前,Undirected,15
工作,街道,Undirected,11
工作,全面,Undirected,12
工作,社区,Undirected,30
工作,群众,Undirected,35
工作,有关,Undirected,15
工作,中国共产党,Undirected,32
工作,成立,Undirected,11
工作,一些,Undirected,10
工作,消毒,Undirected,15
工作,没有,Undirected,28
工作,习近平,Undirected,13
工作,总书记,Undirected,11
工作,重要,Undirected,11
工作,会议,Undirected,10
工作,解决,Undirected,10
工作,可能,Undirected,12
工作,病房,Undirected,12
工作,领导,Undirected,18
工作,小区,Undirected,10
工作,举行,Undirected,14
工作,今日,Undirected,15
工作,微信,Undirected,10
工作,排查,Undirected,11
工作,发展,Undirected,16
工作,公众,Undirected,34
工作,全区,Undirected,10
工作,上午,Undirected,11
工作,教育,Undirected,11
工作,基层,Undirected,25
工作,不能,Undirected,13
工作,宣传,Undirected,28
工作,担当,Undirected,10
工作,就业,Undirected,13
工作,坚持,Undirected,16
工作,推动,Undirected,13
工作,建立,Undirected,10
工作,有序,Undirected,11
工作,举措,Undirected,10
工作,党组织,Undirected,48
工作,党员干部,Undirected,17
工作,党建,Undirected,45
工作,先锋,Undirected,22
工作,新闻网,Undirected,31
工作,堡垒作用,Undirected,10
工作,模范作用,Undirected,13
专家,医疗,Undirected,10
专家,医院,Undirected,12
专家,武汉,Undirected,10
专家,患者,Undirected,13
人民网,北京,Undirected,61
人民网,日电,Undirected,101
人民网,记者,Undirected,21
人民网,医疗,Undirected,11
人民网,救治,Undirected,14
人民网,物资,Undirected,17
人民网,湖北,Undirected,31
人民网,医院,Undirected,30
人民网,我们,Undirected,18
人民网,武汉,Undirected,41
人民网,襄阳,Undirected,10
人民网,保障,Undirected,10
人民网,累计,Undirected,36
人民网,提供,Undirected,12
人民网,一线,Undirected,43
人民网,湖北省,Undirected,22
人民网,企业,Undirected,21
人民网,介绍,Undirected,11
人民网,参与,Undirected,38
人民网,系统,Undirected,10
人民网,问题,Undirected,14
人民网,复工,Undirected,20
人民网,相关,Undirected,11
人民网,地区,Undirected,11
人民网,作为,Undirected,11
人民网,患者,Undirected,22
人民网,重症,Undirected,24
人民网,开展,Undirected,23
人民网,医护人员,Undirected,10
人民网,治疗,Undirected,16
人民网,目前,Undirected,23
人民网,其中,Undirected,36
人民网,治愈,Undirected,24
人民网,进行,Undirected,19
人民网,出院,Undirected,33
人民网,方式,Undirected,16
人民网,病例,Undirected,46
人民网,确诊,Undirected,40
人民网,新增,Undirected,35
人民网,现有,Undirected,18
人民网,人员,Undirected,23
人民网,措施,Undirected,10
人民网,全国,Undirected,23
人民网,截至,Undirected,31
人民网,死亡,Undirected,24
人民网,报告,Undirected,32
人民网,疑似病例,Undirected,21
人民网,防疫,Undirected,18
人民网,党员,Undirected,25
人民网,武汉市,Undirected,26
人民网,人民,Undirected,51
人民网,各级,Undirected,13
人民网,组织,Undirected,24
人民网,复产,Undirected,15
人民网,发挥,Undirected,11
人民网,时间,Undirected,17
人民网,一个,Undirected,12
人民网,隔离,Undirected,22
人民网,孝感市,Undirected,10
人民网,临床,Undirected,12
人民网,新型,Undirected,34
人民网,冠状病毒,Undirected,34
人民网,标题,Undirected,15
人民网,鄂州市,Undirected,11
人民网,表示,Undirected,27
人民网,确保,Undirected,11
人民网,情况,Undirected,24
人民网,管理,Undirected,13
人民网,主任,Undirected,13
人民网,随州市,Undirected,11
人民网,战斗,Undirected,14
人民网,委员会,Undirected,15
人民网,感染,Undirected,21
人民网,部门,Undirected,13
人民网,接受,Undirected,19
人民网,通过,Undirected,19
人民网,全省,Undirected,12
人民网,年月日时,Undirected,17
人民网,日时,Undirected,20
人民网,黄石市,Undirected,10
人民网,服务,Undirected,17
人民网,指导,Undirected,11
人民网,国务院,Undirected,13
人民网,联防,Undirected,12
人民网,联控,Undirected,11
人民网,卫健委,Undirected,26
人民网,活动,Undirected,19
人民网,责编,Undirected,12
人民网,年月日,Undirected,10
人民网,广大党员,Undirected,37
人民网,十堰市,Undirected,10
人民网,做好,Undirected,18
人民网,干部,Undirected,16
人民网,机制,Undirected,14
人民网,新闻,Undirected,22
人民网,发布会,Undirected,26
人民网,及时,Undirected,10
人民网,重点,Undirected,16
人民网,消息,Undirected,28
人民网,发布,Undirected,12
人民网,荆门市,Undirected,11
人民网,单位,Undirected,12
人民网,同时,Undirected,12
人民网,医学观察,Undirected,18
人民网,黄冈市,Undirected,12
人民网,追踪,Undirected,10
人民网,社区,Undirected,15
人民网,宜昌市,Undirected,10
人民网,荆州市,Undirected,10
人民网,咸宁市,Undirected,10
人民网,恩施州,Undirected,10
人民网,仙桃市,Undirected,11
人民网,天门市,Undirected,10
人民网,网站,Undirected,18
人民网,市例,Undirected,12
人民网,群众,Undirected,13
人民网,有关,Undirected,12
人民网,中国共产党,Undirected,37
人民网,没有,Undirected,11
人民网,领导,Undirected,11
人民网,举行,Undirected,21
人民网,今日,Undirected,25
人民网,密切接触,Undirected,21
人民网,发展,Undirected,12
人民网,公众,Undirected,34
人民网,当日,Undirected,13
人民网,解除,Undirected,11
人民网,全区,Undirected,10
人民网,上午,Undirected,14
人民网,基层,Undirected,16
人民网,宣传,Undirected,20
人民网,举措,Undirected,11
人民网,党组织,Undirected,37
人民网,党员干部,Undirected,12
人民网,党建,Undirected,37
人民网,先锋,Undirected,16
人民网,新闻网,Undirected,36
人民网,模范作用,Undirected,11
北京,日电,Undirected,71
北京,记者,Undirected,27
北京,物资,Undirected,10
北京,湖北,Undirected,24
北京,医院,Undirected,15
北京,武汉,Undirected,24
北京,襄阳,Undirected,10
北京,累计,Undirected,31
北京,湖北省,Undirected,17
北京,介绍,Undirected,14
北京,系统,Undirected,10
北京,相关,Undirected,11
北京,地区,Undirected,11
北京,患者,Undirected,17
北京,重症,Undirected,20
北京,治疗,Undirected,17
北京,目前,Undirected,18
北京,其中,Undirected,36
北京,治愈,Undirected,20
北京,进行,Undirected,14
北京,出院,Undirected,27
北京,病例,Undirected,39
北京,确诊,Undirected,35
北京,新增,Undirected,33
北京,现有,Undirected,17
北京,人员,Undirected,11
北京,全国,Undirected,20
北京,截至,Undirected,30
北京,新疆生产建设兵团,Undirected,10
北京,死亡,Undirected,22
北京,报告,Undirected,27
北京,疑似病例,Undirected,18
北京,武汉市,Undirected,21
北京,时间,Undirected,11
北京,隔离,Undirected,12
北京,新型,Undirected,20
北京,冠状病毒,Undirected,20
北京,表示,Undirected,23
北京,情况,Undirected,16
北京,主任,Undirected,10
北京,委员会,Undirected,14
北京,感染,Undirected,15
北京,接受,Undirected,16
北京,年月日时,Undirected,14
北京,日时,Undirected,16
北京,国务院,Undirected,16
北京,联防,Undirected,15
北京,联控,Undirected,14
北京,卫健委,Undirected,22
北京,责编,Undirected,10
北京,机制,Undirected,14
北京,新闻,Undirected,21
北京,发布会,Undirected,27
北京,消息,Undirected,25
北京,医学观察,Undirected,17
北京,天门市,Undirected,10
北京,网站,Undirected,17
北京,有关,Undirected,12
北京,举行,Undirected,18
北京,今日,Undirected,22
北京,密切接触,Undirected,18
北京,当日,Undirected,12
日电,记者,Undirected,41
日电,医疗,Undirected,13
日电,救治,Undirected,15
日电,物资,Undirected,15
日电,湖北,Undirected,32
日电,捐赠,Undirected,10
日电,医疗队,Undirected,12
日电,医院,Undirected,34
日电,医务人员,Undirected,11
日电,我们,Undirected,18
日电,武汉,Undirected,48
日电,襄阳,Undirected,10
日电,累计,Undirected,38
日电,提供,Undirected,10
日电,一线,Undirected,12
日电,湖北省,Undirected,24
日电,介绍,Undirected,14
日电,问题,Undirected,10
日电,相关,Undirected,10
日电,地区,Undirected,10
日电,患者,Undirected,27
日电,重症,Undirected,26
日电,医护人员,Undirected,12
日电,治疗,Undirected,19
日电,目前,Undirected,24
日电,其中,Undirected,40
日电,治愈,Undirected,26
日电,进行,Undirected,18
日电,出院,Undirected,35
日电,病例,Undirected,50
日电,确诊,Undirected,42
日电,新增,Undirected,38
日电,现有,Undirected,20
日电,人员,Undirected,17
日电,全国,Undirected,25
日电,截至,Undirected,36
日电,新疆生产建设兵团,Undirected,10
日电,死亡,Undirected,26
日电,报告,Undirected,34
日电,疑似病例,Undirected,23
日电,需要,Undirected,10
日电,武汉市,Undirected,29
日电,人民,Undirected,10
日电,危重,Undirected,10
日电,时间,Undirected,13
日电,隔离,Undirected,19
日电,孝感市,Undirected,10
日电,临床,Undirected,13
日电,新型,Undirected,35
日电,冠状病毒,Undirected,36
日电,标题,Undirected,18
日电,鄂州市,Undirected,11
日电,表示,Undirected,29
日电,情况,Undirected,20
日电,主任,Undirected,12
日电,随州市,Undirected,11
日电,委员会,Undirected,14
日电,感染,Undirected,26
日电,接受,Undirected,20
日电,加强,Undirected,11
日电,全省,Undirected,13
日电,新华社,Undirected,15
日电,年月日时,Undirected,20
日电,日时,Undirected,22
日电,黄石市,Undirected,10
日电,国务院,Undirected,16
日电,联防,Undirected,14
日电,联控,Undirected,13
日电,卫健委,Undirected,26
日电,正在,Undirected,10
日电,责编,Undirected,13
日电,年月日,Undirected,11
日电,十堰市,Undirected,10
日电,做好,Undirected,11
日电,机制,Undirected,13
日电,新闻,Undirected,24
日电,发布会,Undirected,29
日电,消息,Undirected,27
日电,荆门市,Undirected,11
日电,医学观察,Undirected,18
日电,黄冈市,Undirected,13
日电,追踪,Undirected,10
日电,宜昌市,Undirected,10
日电,荆州市,Undirected,10
日电,咸宁市,Undirected,10
日电,恩施州,Undirected,10
日电,仙桃市,Undirected,10
日电,天门市,Undirected,10
日电,网站,Undirected,17
日电,市例,Undirected,12
日电,有关,Undirected,13
日电,没有,Undirected,10
日电,举行,Undirected,22
日电,今日,Undirected,26
日电,密切接触,Undirected,20
日电,当日,Undirected,13
日电,解除,Undirected,11
日电,上午,Undirected,13
记者,物资,Undirected,11
记者,湖北,Undirected,14
记者,医疗队,Undirected,10
记者,医院,Undirected,23
记者,我们,Undirected,11
记者,武汉,Undirected,28
记者,一线,Undirected,11
记者,介绍,Undirected,10
记者,患者,Undirected,21
记者,医护人员,Undirected,12
记者,病例,Undirected,10
记者,确诊,Undirected,11
记者,人员,Undirected,13
记者,全国,Undirected,17
记者,需要,Undirected,11
记者,武汉市,Undirected,12
记者,时间,Undirected,10
记者,他们,Undirected,11
记者,新型,Undirected,14
记者,冠状病毒,Undirected,14
记者,表示,Undirected,11
记者,情况,Undirected,11
记者,感染,Undirected,16
记者,新华社,Undirected,14
记者,新闻,Undirected,10
记者,发布会,Undirected,10
医疗,救治,Undirected,20
医疗,物资,Undirected,18
医疗,湖北,Undirected,26
医疗,医疗队,Undirected,26
医疗,医院,Undirected,36
医疗,我们,Undirected,27
医疗,武汉,Undirected,32
医疗,队员,Undirected,22
医疗,患者,Undirected,30
医疗,重症,Undirected,14
医疗,医护人员,Undirected,16
医疗,其中,Undirected,10
医疗,进行,Undirected,12
医疗,方舱,Undirected,10
医疗,人员,Undirected,10
医疗,武汉市,Undirected,11
医疗,人民,Undirected,18
医疗,他们,Undirected,13
救治,物资,Undirected,10
救治,湖北,Undirected,24
救治,医疗队,Undirected,18
救治,医院,Undirected,29
救治,我们,Undirected,13
救治,武汉,Undirected,28
救治,队员,Undirected,13
救治,患者,Undirected,38
救治,重症,Undirected,19
救治,医护人员,Undirected,18
救治,治疗,Undirected,13
救治,出院,Undirected,11
救治,确诊,Undirected,10
救治,武汉市,Undirected,10
救治,人民,Undirected,11
救治,感染,Undirected,14
物资,湖北,Undirected,23
物资,捐赠,Undirected,18
物资,医疗队,Undirected,12
物资,医院,Undirected,20
物资,我们,Undirected,22
物资,武汉,Undirected,32
物资,保障,Undirected,17
物资,万元,Undirected,11
物资,提供,Undirected,10
物资,生产,Undirected,18
物资,一线,Undirected,19
物资,湖北省,Undirected,13
物资,企业,Undirected,23
物资,参与,Undirected,12
物资,复工,Undirected,15
物资,医用,Undirected,11
物资,口罩,Undirected,11
物资,开展,Undirected,10
物资,人员,Undirected,12
物资,全国,Undirected,10
物资,防疫,Undirected,19
物资,武汉市,Undirected,12
物资,人民,Undirected,20
物资,组织,Undirected,11
物资,复产,Undirected,11
物资,通过,Undirected,10
物资,服务,Undirected,11
物资,做好,Undirected,13
物资,重点,Undirected,13
团队,患者,Undirected,10
湖北,捐赠,Undirected,12
湖北,驰援,Undirected,10
湖北,医疗队,Undirected,34
湖北,医院,Undirected,45
湖北,指挥部,Undirected,10
湖北,医务人员,Undirected,12
湖北,我们,Undirected,31
湖北,武汉,Undirected,57
湖北,累计,Undirected,22
湖北,队员,Undirected,23
湖北,生产,Undirected,10
湖北,一线,Undirected,21
湖北,湖北省,Undirected,19
湖北,企业,Undirected,10
湖北,患者,Undirected,32
湖北,重症,Undirected,25
湖北,开展,Undirected,12
湖北,抗疫,Undirected,13
湖北,医护人员,Undirected,18
湖北,收治,Undirected,10
湖北,目前,Undirected,13
湖北,其中,Undirected,21
湖北,治愈,Undirected,15
湖北,进行,Undirected,13
湖北,出院,Undirected,20
湖北,病例,Undirected,20
湖北,确诊,Undirected,22
湖北,新增,Undirected,15
湖北,人员,Undirected,14
湖北,全国,Undirected,12
湖北,截至,Undirected,18
湖北,死亡,Undirected,11
湖北,报告,Undirected,13
湖北,疑似病例,Undirected,12
湖北,防疫,Undirected,10
湖北,武汉市,Undirected,12
湖北,人民,Undirected,19
湖北,组织,Undirected,10
湖北,一个,Undirected,11
湖北,隔离,Undirected,10
湖北,他们,Undirected,18
湖北,表示,Undirected,11
湖北,情况,Undirected,13
湖北,感染,Undirected,10
湖北,新闻,Undirected,12
湖北,发布会,Undirected,12
湖北,医学观察,Undirected,11
湖北,没有,Undirected,10
湖北,今日,Undirected,12
湖北,密切接触,Undirected,12
捐赠,医院,Undirected,14
捐赠,武汉,Undirected,15
捐赠,万元,Undirected,11
捐赠,一线,Undirected,10
捐赠,湖北省,Undirected,10
驰援,医疗队,Undirected,11
驰援,医院,Undirected,10
驰援,我们,Undirected,10
驰援,武汉,Undirected,11
医疗队,医院,Undirected,44
医疗队,我们,Undirected,27
医疗队,武汉,Undirected,43
医疗队,队员,Undirected,24
医疗队,一线,Undirected,15
医疗队,防护服,Undirected,11
医疗队,患者,Undirected,34
医疗队,重症,Undirected,24
医疗队,医护人员,Undirected,23
医疗队,收治,Undirected,10
医疗队,治疗,Undirected,12
医疗队,其中,Undirected,10
医疗队,治愈,Undirected,10
医疗队,方舱,Undirected,12
医疗队,出院,Undirected,14
医疗队,武汉市,Undirected,12
医疗队,人民,Undirected,16
医疗队,病区,Undirected,10
医疗队,第一,Undirected,11
医疗队,他们,Undirected,19
医疗队,护士,Undirected,13
医院,指挥部,Undirected,10
医院,医务人员,Undirected,14
医院,我们,Undirected,63
医院,武汉,Undirected,78
医院,队员,Undirected,27
医院,小时,Undirected,12
医院,提供,Undirected,13
医院,一线,Undirected,27
医院,湖北省,Undirected,12
医院,介绍,Undirected,11
医院,火神,Undirected,12
医院,防护,Undirected,10
医院,每天,Undirected,14
医院,防护服,Undirected,16
医院,作为,Undirected,10
医院,患者,Undirected,74
医院,重症,Undirected,38
医院,就是,Undirected,13
医院,现在,Undirected,12
医院,抗疫,Undirected,11
医院,一名,Undirected,14
医院,医护人员,Undirected,39
医院,收治,Undirected,20
医院,治疗,Undirected,25
医院,其中,Undirected,13
医院,治愈,Undirected,14
医院,进行,Undirected,22
医院,方舱,Undirected,18
医院,出院,Undirected,21
医院,生命,Undirected,11
医院,同事,Undirected,14
医院,病例,Undirected,11
医院,确诊,Undirected,12
医院,人员,Undirected,11
医院,全国,Undirected,16
医院,需要,Undirected,13
医院,武汉市,Undirected,33
医院,附属,Undirected,14
医院,人民,Undirected,34
医院,病区,Undirected,17
医院,第一,Undirected,15
医院,危重症,Undirected,13
医院,组织,Undirected,11
医院,抗击,Undirected,11
医院,时间,Undirected,16
医院,一个,Undirected,20
医院,隔离,Undirected,13
医院,他们,Undirected,41
医院,临床,Undirected,10
医院,新型,Undirected,12
医院,冠状病毒,Undirected,12
医院,检测,Undirected,13
医院,标题,Undirected,12
医院,医生,Undirected,25
医院,表示,Undirected,13
医院,病人,Undirected,17
医院,护士,Undirected,28
医院,自己,Undirected,18
医院,情况,Undirected,15
医院,主任,Undirected,11
医院,大家,Undirected,12
医院,感染,Undirected,28
医院,下午,Undirected,10
医院,看到,Undirected,10
医院,已经,Undirected,13
医院,开始,Undirected,10
医院,没有,Undirected,25
医院,病房,Undirected,13
以来,武汉,Undirected,10
完成,患者,Undirected,10
医务人员,我们,Undirected,10
医务人员,武汉,Undirected,12
医务人员,患者,Undirected,10
我们,武汉,Undirected,59
我们,队员,Undirected,22
我们,提供,Undirected,13
我们,一线,Undirected,19
我们,企业,Undirected,14
我们,问题,Undirected,10
我们,口罩,Undirected,13
我们,相关,Undirected,10
我们,每天,Undirected,10
我们,防护服,Undirected,13
我们,患者,Undirected,37
我们,重症,Undirected,18
我们,就是,Undirected,15
我们,你们,Undirected,10
我们,现在,Undirected,12
我们,抗疫,Undirected,11
我们,医护人员,Undirected,27
我们,治疗,Undirected,10
我们,进行,Undirected,13
我们,同事,Undirected,10
我们,人员,Undirected,13
我们,需要,Undirected,15
我们,武汉市,Undirected,26
我们,人民,Undirected,32
我们,组织,Undirected,10
我们,抗击,Undirected,11
我们,时间,Undirected,16
我们,一个,Undirected,21
我们,隔离,Undirected,11
我们,他们,Undirected,41
我们,新型,Undirected,12
我们,冠状病毒,Undirected,11
我们,医生,Undirected,17
我们,表示,Undirected,11
我们,病人,Undirected,14
我们,护士,Undirected,15
我们,自己,Undirected,13
我们,这个,Undirected,12
我们,大家,Undirected,12
我们,这场,Undirected,13
我们,感染,Undirected,20
我们,信息,Undirected,10
我们,看到,Undirected,12
我们,群众,Undirected,13
我们,没有,Undirected,30
我们,不能,Undirected,10
我们,众志成城,Undirected,10
武汉,保障,Undirected,10
武汉,累计,Undirected,16
武汉,队员,Undirected,25
武汉,小时,Undirected,12
武汉,一线,Undirected,30
武汉,湖北省,Undirected,19
武汉,企业,Undirected,11
武汉,介绍,Undirected,12
武汉,问题,Undirected,13
武汉,火神,Undirected,10
武汉,口罩,Undirected,12
武汉,防护,Undirected,11
武汉,相关,Undirected,12
武汉,每天,Undirected,15
武汉,防护服,Undirected,15
武汉,必须,Undirected,10
武汉,作为,Undirected,15
武汉,患者,Undirected,60
武汉,重症,Undirected,37
武汉,就是,Undirected,13
武汉,你们,Undirected,10
武汉,现在,Undirected,13
武汉,抗疫,Undirected,14
武汉,一名,Undirected,11
武汉,医护人员,Undirected,36
武汉,收治,Undirected,19
武汉,治疗,Undirected,23
武汉,目前,Undirected,14
武汉,其中,Undirected,18
武汉,治愈,Undirected,19
武汉,进行,Undirected,28
武汉,方舱,Undirected,17
武汉,出院,Undirected,23
武汉,同事,Undirected,11
武汉,病例,Undirected,19
武汉,确诊,Undirected,20
武汉,新增,Undirected,14
武汉,人员,Undirected,22
武汉,措施,Undirected,11
武汉,全国,Undirected,18
武汉,截至,Undirected,14
武汉,报告,Undirected,11
武汉,防疫,Undirected,13
武汉,需要,Undirected,13
武汉,武汉市,Undirected,40
武汉,附属,Undirected,10
武汉,人民,Undirected,32
武汉,病区,Undirected,13
武汉,第一,Undirected,12
武汉,组织,Undirected,13
武汉,抗击,Undirected,12
武汉,时间,Undirected,15
武汉,一个,Undirected,15
武汉,隔离,Undirected,22
武汉,他们,Undirected,38
武汉,为了,Undirected,11
武汉,新型,Undirected,17
武汉,冠状病毒,Undirected,16
武汉,检测,Undirected,14
武汉,标题,Undirected,12
武汉,医生,Undirected,18
武汉,表示,Undirected,15
武汉,病人,Undirected,12
武汉,护士,Undirected,19
武汉,自己,Undirected,16
武汉,情况,Undirected,16
武汉,管理,Undirected,11
武汉,主任,Undirected,10
武汉,大家,Undirected,12
武汉,这场,Undirected,12
武汉,感染,Undirected,23
武汉,奔赴,Undirected,10
武汉,力量,Undirected,10
武汉,下午,Undirected,11
武汉,做好,Undirected,11
武汉,看到,Undirected,11
武汉,新闻,Undirected,10
武汉,发布会,Undirected,11
武汉,已经,Undirected,13
武汉,各地,Undirected,12
武汉,消息,Undirected,10
武汉,社区,Undirected,12
武汉,群众,Undirected,11
武汉,消毒,Undirected,10
武汉,视频,Undirected,11
武汉,没有,Undirected,30
武汉,病房,Undirected,11
武汉,密切接触,Undirected,10
武汉,上午,Undirected,12
襄阳,累计,Undirected,11
襄阳,湖北省,Undirected,11
襄阳,治疗,Undirected,12
襄阳,其中,Undirected,10
襄阳,出院,Undirected,11
襄阳,病例,Undirected,10
襄阳,新增,Undirected,10
襄阳,武汉市,Undirected,11
襄阳,孝感市,Undirected,10
襄阳,鄂州市,Undirected,10
襄阳,随州市,Undirected,10
襄阳,年月日时,Undirected,10
襄阳,黄石市,Undirected,10
襄阳,十堰市,Undirected,10
襄阳,消息,Undirected,10
襄阳,荆门市,Undirected,10
襄阳,黄冈市,Undirected,10
襄阳,宜昌市,Undirected,10
襄阳,荆州市,Undirected,10
襄阳,咸宁市,Undirected,10
襄阳,恩施州,Undirected,10
襄阳,仙桃市,Undirected,10
襄阳,天门市,Undirected,10
襄阳,市例,Undirected,10
保障,生产,Undirected,12
保障,一线,Undirected,13
保障,企业,Undirected,21
保障,复工,Undirected,18
保障,人民,Undirected,14
保障,组织,Undirected,15
保障,复产,Undirected,13
保障,加强,Undirected,10
保障,服务,Undirected,12
保障,重点,Undirected,12
保障,党组织,Undirected,10
万元,一线,Undirected,12
万元,企业,Undirected,10
累计,湖北省,Undirected,20
累计,患者,Undirected,15
累计,重症,Undirected,24
累计,治疗,Undirected,18
累计,目前,Undirected,19
累计,其中,Undirected,37
累计,治愈,Undirected,30
累计,出院,Undirected,37
累计,病例,Undirected,45
累计,确诊,Undirected,42
累计,新增,Undirected,39
累计,现有,Undirected,19
累计,截至,Undirected,37
累计,新疆生产建设兵团,Undirected,11
累计,死亡,Undirected,24
累计,报告,Undirected,38
累计,疑似病例,Undirected,24
累计,武汉市,Undirected,16
累计,危重,Undirected,11
累计,隔离,Undirected,16
累计,孝感市,Undirected,10
累计,新型,Undirected,21
累计,冠状病毒,Undirected,21
累计,鄂州市,Undirected,10
累计,随州市,Undirected,11
累计,委员会,Undirected,13
累计,感染,Undirected,11
累计,接受,Undirected,17
累计,全省,Undirected,14
累计,年月日时,Undirected,19
累计,日时,Undirected,21
累计,黄石市,Undirected,10
累计,卫健委,Undirected,23
累计,正在,Undirected,10
累计,责编,Undirected,11
累计,十堰市,Undirected,10
累计,消息,Undirected,26
累计,荆门市,Undirected,10
累计,医学观察,Undirected,20
累计,黄冈市,Undirected,12
累计,追踪,Undirected,12
累计,宜昌市,Undirected,10
累计,荆州市,Undirected,10
累计,咸宁市,Undirected,10
累计,恩施州,Undirected,10
累计,仙桃市,Undirected,10
累计,天门市,Undirected,10
累计,网站,Undirected,16
累计,市例,Undirected,13
累计,密切接触,Undirected,20
累计,当日,Undirected,13
累计,解除,Undirected,12
队员,一线,Undirected,14
队员,患者,Undirected,19
队员,重症,Undirected,13
队员,医护人员,Undirected,18
队员,方舱,Undirected,10
队员,武汉市,Undirected,11
队员,人民,Undirected,11
队员,他们,Undirected,18
小时,患者,Undirected,13
提供,一线,Undirected,14
提供,企业,Undirected,17
提供,参与,Undirected,11
提供,复工,Undirected,14
提供,方式,Undirected,10
提供,全国,Undirected,10
提供,人民,Undirected,16
提供,组织,Undirected,10
提供,复产,Undirected,12
提供,服务,Undirected,16
生产,一线,Undirected,16
生产,企业,Undirected,23
生产,参与,Undirected,12
生产,复工,Undirected,18
生产,人民,Undirected,13
生产,组织,Undirected,10
生产,复产,Undirected,14
生产,服务,Undirected,12
生产,党组织,Undirected,11
生产,党建,Undirected,11
一线,企业,Undirected,25
一线,参与,Undirected,48
一线,复工,Undirected,26
一线,作为,Undirected,12
一线,患者,Undirected,14
一线,开展,Undirected,30
一线,抗疫,Undirected,16
一线,医护人员,Undirected,14
一线,进行,Undirected,13
一线,方式,Undirected,22
一线,人员,Undirected,15
一线,全国,Undirected,12
一线,防疫,Undirected,19
一线,党员,Undirected,38
一线,武汉市,Undirected,10
一线,人民,Undirected,59
一线,各级,Undirected,21
一线,组织,Undirected,29
一线,复产,Undirected,19
一线,发挥,Undirected,17
一线,战疫,Undirected,20
一线,责任,Undirected,10
一线,抗击,Undirected,13
一线,阻击战,Undirected,12
一线,时间,Undirected,12
一线,一个,Undirected,10
一线,他们,Undirected,15
一线,确保,Undirected,10
一线,情况,Undirected,12
一线,战斗,Undirected,18
一线,通过,Undirected,18
一线,服务,Undirected,24
一线,指导,Undirected,11
一线,志愿者,Undirected,11
一线,活动,Undirected,19
一线,党支部,Undirected,13
一线,广大党员,Undirected,45
一线,做好,Undirected,15
一线,干部,Undirected,21
一线,志愿,Undirected,11
一线,重点,Undirected,14
一线,发布,Undirected,10
一线,单位,Undirected,12
一线,同时,Undirected,14
一线,社区,Undirected,23
一线,群众,Undirected,19
一线,中国共产党,Undirected,37
一线,成立,Undirected,11
一线,领导,Undirected,13
一线,发展,Undirected,11
一线,公众,Undirected,35
一线,全区,Undirected,10
一线,基层,Undirected,19
一线,宣传,Undirected,25
一线,举措,Undirected,11
一线,党组织,Undirected,49
一线,党员干部,Undirected,17
一线,党建,Undirected,48
一线,先锋,Undirected,22
一线,新闻网,Undirected,36
一线,堡垒作用,Undirected,10
一线,模范作用,Undirected,13
湖北省,患者,Undirected,12
湖北省,治疗,Undirected,12
湖北省,其中,Undirected,15
湖北省,治愈,Undirected,12
湖北省,出院,Undirected,16
湖北省,病例,Undirected,19
湖北省,确诊,Undirected,15
湖北省,新增,Undirected,17
湖北省,截至,Undirected,14
湖北省,报告,Undirected,14
湖北省,武汉市,Undirected,22
湖北省,隔离,Undirected,10
湖北省,孝感市,Undirected,10
湖北省,鄂州市,Undirected,10
湖北省,随州市,Undirected,11
湖北省,接受,Undirected,12
湖北省,全省,Undirected,10
湖北省,年月日时,Undirected,11
湖北省,黄石市,Undirected,10
湖北省,卫健委,Undirected,14
湖北省,十堰市,Undirected,11
湖北省,消息,Undirected,13
湖北省,荆门市,Undirected,11
湖北省,黄冈市,Undirected,12
湖北省,宜昌市,Undirected,10
湖北省,荆州市,Undirected,10
湖北省,咸宁市,Undirected,10
湖北省,恩施州,Undirected,10
湖北省,仙桃市,Undirected,10
湖北省,天门市,Undirected,11
湖北省,网站,Undirected,11
湖北省,市例,Undirected,10
企业,安全,Undirected,10
企业,参与,Undirected,23
企业,员工,Undirected,14
企业,问题,Undirected,10
企业,复工,Undirected,45
企业,开展,Undirected,16
企业,方式,Undirected,17
企业,人员,Undirected,13
企业,措施,Undirected,14
企业,防疫,Undirected,14
企业,党员,Undirected,16
企业,人民,Undirected,24
企业,各级,Undirected,12
企业,组织,Undirected,25
企业,复产,Undirected,33
企业,发挥,Undirected,10
企业,对接,Undirected,10
企业,部门,Undirected,12
企业,通过,Undirected,16
企业,服务,Undirected,25
企业,广大党员,Undirected,19
企业,做好,Undirected,15
企业,政策,Undirected,17
企业,落实,Undirected,10
企业,重点,Undirected,22
企业,同时,Undirected,14
企业,群众,Undirected,12
企业,中国共产党,Undirected,13
企业,发展,Undirected,17
企业,公众,Undirected,15
企业,宣传,Undirected,10
企业,就业,Undirected,13
企业,推动,Undirected,11
企业,有序,Undirected,10
企业,党组织,Undirected,22
企业,党建,Undirected,22
企业,先锋,Undirected,10
企业,新闻网,Undirected,13
安全,复工,Undirected,10
介绍,患者,Undirected,12
介绍,病例,Undirected,10
参与,复工,Undirected,25
参与,开展,Undirected,27
参与,进行,Undirected,10
参与,方式,Undirected,23
参与,人员,Undirected,10
参与,防疫,Undirected,13
参与,党员,Undirected,34
参与,人民,Undirected,50
参与,各级,Undirected,20
参与,组织,Undirected,27
参与,复产,Undirected,18
参与,发挥,Undirected,18
参与,管理,Undirected,11
参与,战斗,Undirected,18
参与,通过,Undirected,18
参与,服务,Undirected,22
参与,指导,Undirected,10
参与,活动,Undirected,20
参与,党支部,Undirected,11
参与,广大党员,Undirected,44
参与,做好,Undirected,13
参与,干部,Undirected,17
参与,重点,Undirected,13
参与,同时,Undirected,12
参与,社区,Undirected,19
参与,群众,Undirected,18
参与,中国共产党,Undirected,37
参与,成立,Undirected,11
参与,发展,Undirected,11
参与,公众,Undirected,36
参与,全区,Undirected,11
参与,基层,Undirected,19
参与,宣传,Undirected,25
参与,举措,Undirected,11
参与,党组织,Undirected,49
参与,党员干部,Undirected,15
参与,党建,Undirected,48
参与,先锋,Undirected,21
参与,新闻网,Undirected,36
参与,堡垒作用,Undirected,11
参与,模范作用,Undirected,14
员工,复工,Undirected,13
员工,复产,Undirected,11
问题,相关,Undirected,10
问题,进行,Undirected,10
问题,人民,Undirected,11
问题,情况,Undirected,11
问题,及时,Undirected,10
问题,解决,Undirected,10
复工,开展,Undirected,18
复工,方式,Undirected,16
复工,人员,Undirected,14
复工,措施,Undirected,12
复工,防疫,Undirected,12
复工,党员,Undirected,19
复工,人民,Undirected,26
复工,各级,Undirected,12
复工,组织,Undirected,21
复工,复产,Undirected,36
复工,发挥,Undirected,10
复工,通过,Undirected,16
复工,服务,Undirected,27
复工,指导,Undirected,10
复工,活动,Undirected,11
复工,项目,Undirected,10
复工,广大党员,Undirected,22
复工,做好,Undirected,15
复工,政策,Undirected,12
复工,落实,Undirected,10
复工,重点,Undirected,21
复工,单位,Undirected,10
复工,同时,Undirected,13
复工,群众,Undirected,12
复工,中国共产党,Undirected,16
复工,发展,Undirected,17
复工,公众,Undirected,16
复工,宣传,Undirected,10
复工,就业,Undirected,11
复工,推动,Undirected,11
复工,党组织,Undirected,25
复工,党建,Undirected,25
复工,先锋,Undirected,13
复工,新闻网,Undirected,15
相关,及时,Undirected,11
防护服,患者,Undirected,10
防护服,他们,Undirected,11
患者,重症,Undirected,35
患者,一名,Undirected,14
患者,医护人员,Undirected,28
患者,收治,Undirected,20
患者,治疗,Undirected,33
患者,目前,Undirected,13
患者,其中,Undirected,16
患者,治愈,Undirected,20
患者,进行,Undirected,24
患者,方舱,Undirected,15
患者,出院,Undirected,32
患者,生命,Undirected,12
患者,同事,Undirected,10
患者,病例,Undirected,20
患者,确诊,Undirected,25
患者,新增,Undirected,12
患者,人员,Undirected,13
患者,全国,Undirected,12
患者,截至,Undirected,14
患者,需要,Undirected,12
患者,武汉市,Undirected,27
患者,附属,Undirected,10
患者,人民,Undirected,20
患者,病区,Undirected,18
患者,病情,Undirected,10
患者,第一,Undirected,12
患者,危重症,Undirected,13
患者,时间,Undirected,14
患者,一个,Undirected,17
患者,隔离,Undirected,18
患者,他们,Undirected,29
患者,临床,Undirected,11
患者,新型,Undirected,18
患者,冠状病毒,Undirected,18
患者,检测,Undirected,19
患者,医生,Undirected,21
患者,表示,Undirected,11
患者,病人,Undirected,19
患者,护士,Undirected,20
患者,自己,Undirected,13
患者,情况,Undirected,15
患者,管理,Undirected,10
患者,感染,Undirected,28
患者,核酸,Undirected,10
患者,已经,Undirected,15
患者,没有,Undirected,21
患者,病房,Undirected,13
重症,医护人员,Undirected,14
重症,治疗,Undirected,18
重症,目前,Undirected,16
重症,其中,Undirected,27
重症,治愈,Undirected,23
重症,出院,Undirected,26
重症,病例,Undirected,27
重症,确诊,Undirected,28
重症,新增,Undirected,23
重症,现有,Undirected,17
重症,截至,Undirected,18
重症,新疆生产建设兵团,Undirected,11
重症,死亡,Undirected,17
重症,报告,Undirected,20
重症,疑似病例,Undirected,15
重症,武汉市,Undirected,10
重症,第一,Undirected,10
重症,危重症,Undirected,14
重症,他们,Undirected,13
重症,新型,Undirected,12
重症,冠状病毒,Undirected,13
重症,医生,Undirected,10
重症,护士,Undirected,12
重症,感染,Undirected,15
重症,卫健委,Undirected,11
重症,消息,Undirected,15
重症,医学观察,Undirected,13
重症,密切接触,Undirected,13
就是,人民,Undirected,11
就是,他们,Undirected,11
开展,进行,Undirected,14
开展,方式,Undirected,13
开展,人员,Undirected,10
开展,防疫,Undirected,15
开展,党员,Undirected,26
开展,人民,Undirected,28
开展,组织,Undirected,22
开展,复产,Undirected,14
开展,发挥,Undirected,13
开展,战斗,Undirected,12
开展,通过,Undirected,12
开展,服务,Undirected,26
开展,活动,Undirected,14
开展,广大党员,Undirected,25
开展,做好,Undirected,12
开展,干部,Undirected,11
开展,重点,Undirected,11
开展,社区,Undirected,15
开展,群众,Undirected,10
开展,中国共产党,Undirected,19
开展,公众,Undirected,21
开展,基层,Undirected,15
开展,宣传,Undirected,17
开展,党组织,Undirected,27
开展,党员干部,Undirected,10
开展,党建,Undirected,27
开展,先锋,Undirected,15
开展,新闻网,Undirected,18
开展,模范作用,Undirected,10
抗疫,人民,Undirected,11
医护人员,治疗,Undirected,12
医护人员,进行,Undirected,13
医护人员,出院,Undirected,14
医护人员,武汉市,Undirected,14
医护人员,人民,Undirected,16
医护人员,病区,Undirected,12
医护人员,他们,Undirected,25
医护人员,医生,Undirected,10
医护人员,护士,Undirected,12
医护人员,感染,Undirected,15
收治,武汉市,Undirected,10
治疗,目前,Undirected,12
治疗,其中,Undirected,15
治疗,治愈,Undirected,18
治疗,进行,Undirected,13
治疗,出院,Undirected,27
治疗,病例,Undirected,17
治疗,确诊,Undirected,19
治疗,新增,Undirected,17
治疗,截至,Undirected,16
治疗,报告,Undirected,13
治疗,武汉市,Undirected,19
治疗,危重症,Undirected,11
治疗,隔离,Undirected,19
治疗,他们,Undirected,10
治疗,孝感市,Undirected,12
治疗,鄂州市,Undirected,10
治疗,随州市,Undirected,10
治疗,感染,Undirected,11
治疗,接受,Undirected,12
治疗,年月日时,Undirected,11
治疗,黄石市,Undirected,10
治疗,卫健委,Undirected,12
治疗,十堰市,Undirected,10
治疗,消息,Undirected,14
治疗,荆门市,Undirected,10
治疗,黄冈市,Undirected,12
治疗,宜昌市,Undirected,10
治疗,荆州市,Undirected,10
治疗,咸宁市,Undirected,10
治疗,恩施州,Undirected,10
治疗,仙桃市,Undirected,10
治疗,天门市,Undirected,10
治疗,网站,Undirected,10
治疗,市例,Undirected,11
目前,其中,Undirected,20
目前,治愈,Undirected,15
目前,出院,Undirected,19
目前,病例,Undirected,24
目前,确诊,Undirected,23
目前,新增,Undirected,21
目前,截至,Undirected,21
目前,死亡,Undirected,10
目前,报告,Undirected,16
目前,隔离,Undirected,11
目前,新型,Undirected,14
目前,冠状病毒,Undirected,14
目前,接受,Undirected,14
目前,年月日时,Undirected,12
目前,日时,Undirected,10
目前,卫健委,Undirected,10
目前,消息,Undirected,14
其中,治愈,Undirected,29
其中,出院,Undirected,36
其中,病例,Undirected,39
其中,确诊,Undirected,36
其中,新增,Undirected,35
其中,现有,Undirected,19
其中,截至,Undirected,34
其中,新疆生产建设兵团,Undirected,11
其中,死亡,Undirected,23
其中,报告,Undirected,31
其中,疑似病例,Undirected,20
其中,武汉市,Undirected,15
其中,隔离,Undirected,11
其中,孝感市,Undirected,10
其中,新型,Undirected,18
其中,冠状病毒,Undirected,18
其中,鄂州市,Undirected,11
其中,随州市,Undirected,11
其中,感染,Undirected,11
其中,接受,Undirected,16
其中,全省,Undirected,13
其中,年月日时,Undirected,21
其中,日时,Undirected,18
其中,黄石市,Undirected,10
其中,卫健委,Undirected,20
其中,十堰市,Undirected,10
其中,消息,Undirected,26
其中,荆门市,Undirected,10
其中,医学观察,Undirected,16
其中,黄冈市,Undirected,10
其中,追踪,Undirected,10
其中,宜昌市,Undirected,10
其中,荆州市,Undirected,10
其中,咸宁市,Undirected,10
其中,恩施州,Undirected,10
其中,仙桃市,Undirected,10
其中,天门市,Undirected,10
其中,网站,Undirected,17
其中,市例,Undirected,11
其中,密切接触,Undirected,14
其中,当日,Undirected,13
治愈,出院,Undirected,39
治愈,病例,Undirected,31
治愈,确诊,Undirected,28
治愈,新增,Undirected,25
治愈,现有,Undirected,17
治愈,截至,Undirected,23
治愈,新疆生产建设兵团,Undirected,10
治愈,死亡,Undirected,18
治愈,报告,Undirected,27
治愈,疑似病例,Undirected,19
治愈,武汉市,Undirected,11
治愈,隔离,Undirected,15
治愈,新型,Undirected,12
治愈,冠状病毒,Undirected,12
治愈,全省,Undirected,10
治愈,年月日时,Undirected,11
治愈,卫健委,Undirected,16
治愈,消息,Undirected,17
治愈,医学观察,Undirected,13
治愈,网站,Undirected,11
治愈,密切接触,Undirected,11
治愈,当日,Undirected,11
进行,出院,Undirected,10
进行,病例,Undirected,10
进行,人员,Undirected,13
进行,防疫,Undirected,10
进行,武汉市,Undirected,14
进行,人民,Undirected,13
进行,时间,Undirected,12
进行,隔离,Undirected,14
进行,他们,Undirected,14
进行,确保,Undirected,10
进行,感染,Undirected,11
进行,信息,Undirected,10
进行,做好,Undirected,11
进行,社区,Undirected,10
进行,消毒,Undirected,11
方舱,他们,Undirected,10
出院,病例,Undirected,36
出院,确诊,Undirected,37
出院,新增,Undirected,31
出院,现有,Undirected,19
出院,截至,Undirected,29
出院,新疆生产建设兵团,Undirected,11
出院,死亡,Undirected,21
出院,报告,Undirected,31
出院,疑似病例,Undirected,22
出院,武汉市,Undirected,17
出院,隔离,Undirected,21
出院,他们,Undirected,11
出院,孝感市,Undirected,11
出院,新型,Undirected,19
出院,冠状病毒,Undirected,19
出院,检测,Undirected,10
出院,鄂州市,Undirected,11
出院,随州市,Undirected,11
出院,感染,Undirected,14
出院,接受,Undirected,14
出院,全省,Undirected,12
出院,年月日时,Undirected,16
出院,日时,Undirected,13
出院,黄石市,Undirected,10
出院,卫健委,Undirected,20
出院,十堰市,Undirected,10
出院,消息,Undirected,23
出院,荆门市,Undirected,10
出院,医学观察,Undirected,16
出院,黄冈市,Undirected,12
出院,宜昌市,Undirected,10
出院,荆州市,Undirected,10
出院,咸宁市,Undirected,11
出院,恩施州,Undirected,10
出院,仙桃市,Undirected,10
出院,天门市,Undirected,10
出院,网站,Undirected,16
出院,市例,Undirected,12
出院,密切接触,Undirected,13
出院,当日,Undirected,12
出院,解除,Undirected,10
方式,党员,Undirected,15
方式,人民,Undirected,24
方式,各级,Undirected,12
方式,组织,Undirected,14
方式,复产,Undirected,13
方式,通过,Undirected,12
方式,服务,Undirected,17
方式,活动,Undirected,10
方式,广大党员,Undirected,20
方式,群众,Undirected,10
方式,中国共产党,Undirected,15
方式,公众,Undirected,18
方式,宣传,Undirected,13
方式,党组织,Undirected,23
方式,党建,Undirected,23
方式,新闻网,Undirected,15
病例,确诊,Undirected,53
病例,新增,Undirected,48
病例,现有,Undirected,22
病例,全国,Undirected,10
病例,截至,Undirected,37
病例,新疆生产建设兵团,Undirected,11
病例,死亡,Undirected,27
病例,报告,Undirected,40
病例,疑似病例,Undirected,28
病例,武汉市,Undirected,18
病例,危重,Undirected,10
病例,隔离,Undirected,18
病例,孝感市,Undirected,10
病例,新型,Undirected,27
病例,冠状病毒,Undirected,27
病例,鄂州市,Undirected,10
病例,表示,Undirected,11
病例,情况,Undirected,10
病例,随州市,Undirected,10
病例,委员会,Undirected,15
病例,感染,Undirected,15
病例,接受,Undirected,19
病例,全省,Undirected,14
病例,通报,Undirected,10
病例,年月日时,Undirected,19
病例,日时,Undirected,23
病例,黄石市,Undirected,10
病例,卫健委,Undirected,28
病例,责编,Undirected,11
病例,十堰市,Undirected,10
病例,新闻,Undirected,13
病例,发布会,Undirected,13
病例,消息,Undirected,29
病例,荆门市,Undirected,10
病例,医学观察,Undirected,21
病例,黄冈市,Undirected,12
病例,追踪,Undirected,12
病例,宜昌市,Undirected,10
病例,荆州市,Undirected,10
病例,咸宁市,Undirected,11
病例,恩施州,Undirected,10
病例,仙桃市,Undirected,10
病例,天门市,Undirected,10
病例,网站,Undirected,17
病例,市例,Undirected,13
病例,举行,Undirected,10
病例,今日,Undirected,10
病例,密切接触,Undirected,22
病例,当日,Undirected,13
病例,解除,Undirected,12
确诊,新增,Undirected,44
确诊,现有,Undirected,20
确诊,全国,Undirected,11
确诊,截至,Undirected,34
确诊,新疆生产建设兵团,Undirected,11
确诊,死亡,Undirected,24
确诊,报告,Undirected,36
确诊,疑似病例,Undirected,26
确诊,武汉市,Undirected,14
确诊,危重,Undirected,10
确诊,隔离,Undirected,18
确诊,新型,Undirected,28
确诊,冠状病毒,Undirected,28
确诊,情况,Undirected,10
确诊,委员会,Undirected,12
确诊,感染,Undirected,19
确诊,接受,Undirected,14
确诊,全省,Undirected,11
确诊,通报,Undirected,10
确诊,年月日时,Undirected,16
确诊,日时,Undirected,22
确诊,卫健委,Undirected,24
确诊,责编,Undirected,10
确诊,新闻,Undirected,14
确诊,发布会,Undirected,14
确诊,消息,Undirected,26
确诊,医学观察,Undirected,21
确诊,追踪,Undirected,12
确诊,网站,Undirected,14
确诊,市例,Undirected,10
确诊,今日,Undirected,10
确诊,密切接触,Undirected,24
确诊,当日,Undirected,12
确诊,解除,Undirected,12
新增,现有,Undirected,18
新增,截至,Undirected,32
新增,新疆生产建设兵团,Undirected,10
新增,死亡,Undirected,22
新增,报告,Undirected,35
新增,疑似病例,Undirected,21
新增,武汉市,Undirected,14
新增,隔离,Undirected,14
新增,孝感市,Undirected,10
新增,新型,Undirected,23
新增,冠状病毒,Undirected,23
新增,鄂州市,Undirected,10
新增,随州市,Undirected,10
新增,委员会,Undirected,12
新增,感染,Undirected,12
新增,接受,Undirected,17
新增,全省,Undirected,13
新增,年月日时,Undirected,19
新增,日时,Undirected,20
新增,黄石市,Undirected,10
新增,卫健委,Undirected,24
新增,十堰市,Undirected,10
新增,消息,Undirected,28
新增,荆门市,Undirected,10
新增,医学观察,Undirected,21
新增,黄冈市,Undirected,10
新增,追踪,Undirected,12
新增,宜昌市,Undirected,10
新增,荆州市,Undirected,10
新增,咸宁市,Undirected,10
新增,恩施州,Undirected,10
新增,仙桃市,Undirected,10
新增,天门市,Undirected,10
新增,网站,Undirected,17
新增,市例,Undirected,13
新增,密切接触,Undirected,20
新增,当日,Undirected,13
新增,解除,Undirected,11
现有,截至,Undirected,15
现有,新疆生产建设兵团,Undirected,11
现有,死亡,Undirected,20
现有,报告,Undirected,17
现有,疑似病例,Undirected,16
现有,卫健委,Undirected,11
现有,消息,Undirected,13
现有,医学观察,Undirected,13
现有,密切接触,Undirected,12
人员,措施,Undirected,10
人员,防疫,Undirected,16
人员,党员,Undirected,10
人员,人民,Undirected,18
人员,复产,Undirected,11
人员,隔离,Undirected,12
人员,他们,Undirected,13
人员,新型,Undirected,11
人员,冠状病毒,Undirected,11
人员,感染,Undirected,13
人员,服务,Undirected,11
人员,信息,Undirected,12
人员,广大党员,Undirected,10
人员,做好,Undirected,12
人员,各地,Undirected,10
人员,重点,Undirected,11
人员,社区,Undirected,12
人员,群众,Undirected,12
人员,公众,Undirected,12
人员,党组织,Undirected,10
人员,党建,Undirected,10
措施,人民,Undirected,12
措施,组织,Undirected,10
全国,人民,Undirected,12
全国,时间,Undirected,10
截至,死亡,Undirected,21
截至,报告,Undirected,30
截至,疑似病例,Undirected,18
截至,武汉市,Undirected,12
截至,危重,Undirected,10
截至,隔离,Undirected,11
截至,新型,Undirected,16
截至,冠状病毒,Undirected,16
截至,鄂州市,Undirected,10
截至,随州市,Undirected,10
截至,委员会,Undirected,11
截至,感染,Undirected,10
截至,接受,Undirected,16
截至,全省,Undirected,13
截至,年月日时,Undirected,19
截至,日时,Undirected,22
截至,卫健委,Undirected,21
截至,责编,Undirected,12
截至,消息,Undirected,24
截至,医学观察,Undirected,15
截至,黄冈市,Undirected,10
截至,追踪,Undirected,11
截至,网站,Undirected,15
截至,市例,Undirected,11
截至,密切接触,Undirected,14
截至,当日,Undirected,11
截至,解除,Undirected,11
新疆生产建设兵团,死亡,Undirected,11
新疆生产建设兵团,报告,Undirected,10
死亡,报告,Undirected,23
死亡,疑似病例,Undirected,18
死亡,新型,Undirected,15
死亡,冠状病毒,Undirected,15
死亡,日时,Undirected,13
死亡,卫健委,Undirected,16
死亡,消息,Undirected,16
死亡,医学观察,Undirected,16
死亡,网站,Undirected,10
死亡,密切接触,Undirected,15
死亡,解除,Undirected,10
报告,疑似病例,Undirected,20
报告,武汉市,Undirected,12
报告,隔离,Undirected,16
报告,新型,Undirected,21
报告,冠状病毒,Undirected,21
报告,委员会,Undirected,12
报告,感染,Undirected,13
报告,接受,Undirected,16
报告,全省,Undirected,12
报告,年月日时,Undirected,18
报告,日时,Undirected,19
报告,卫健委,Undirected,21
报告,责编,Undirected,10
报告,消息,Undirected,24
报告,医学观察,Undirected,20
报告,黄冈市,Undirected,10
报告,追踪,Undirected,13
报告,网站,Undirected,15
报告,市例,Undirected,12
报告,密切接触,Undirected,19
报告,当日,Undirected,13
报告,解除,Undirected,11
疑似病例,新型,Undirected,13
疑似病例,冠状病毒,Undirected,13
疑似病例,日时,Undirected,12
疑似病例,卫健委,Undirected,12
疑似病例,消息,Undirected,17
疑似病例,医学观察,Undirected,14
疑似病例,密切接触,Undirected,16
防疫,党员,Undirected,15
防疫,人民,Undirected,16
防疫,组织,Undirected,16
防疫,通过,Undirected,10
防疫,服务,Undirected,14
防疫,广大党员,Undirected,12
防疫,干部,Undirected,10
防疫,单位,Undirected,10
防疫,社区,Undirected,12
防疫,群众,Undirected,11
防疫,中国共产党,Undirected,10
防疫,公众,Undirected,11
防疫,基层,Undirected,11
防疫,宣传,Undirected,11
防疫,党组织,Undirected,13
防疫,党员干部,Undirected,10
防疫,党建,Undirected,14
防疫,先锋,Undirected,10
党员,人民,Undirected,37
党员,各级,Undirected,16
党员,组织,Undirected,22
党员,复产,Undirected,12
党员,发挥,Undirected,15
党员,战疫,Undirected,10
党员,阻击战,Undirected,10
党员,战斗,Undirected,16
党员,通过,Undirected,12
党员,服务,Undirected,19
党员,活动,Undirected,17
党员,党支部,Undirected,11
党员,广大党员,Undirected,33
党员,做好,Undirected,13
党员,干部,Undirected,16
党员,单位,Undirected,10
党员,社区,Undirected,19
党员,群众,Undirected,18
党员,中国共产党,Undirected,25
党员,领导,Undirected,10
党员,公众,Undirected,24
党员,基层,Undirected,17
党员,宣传,Undirected,20
党员,党组织,Undirected,37
党员,党员干部,Undirected,14
党员,党建,Undirected,35
党员,先锋,Undirected,19
党员,新闻网,Undirected,23
党员,模范作用,Undirected,12
需要,他们,Undirected,11
需要,没有,Undirected,10
武汉市,人民,Undirected,10
武汉市,隔离,Undirected,14
武汉市,他们,Undirected,13
武汉市,孝感市,Undirected,10
武汉市,新型,Undirected,13
武汉市,冠状病毒,Undirected,12
武汉市,医生,Undirected,14
武汉市,鄂州市,Undirected,10
武汉市,随州市,Undirected,10
武汉市,感染,Undirected,16
武汉市,接受,Undirected,11
武汉市,年月日时,Undirected,10
武汉市,黄石市,Undirected,10
武汉市,卫健委,Undirected,11
武汉市,十堰市,Undirected,10
武汉市,消息,Undirected,14
武汉市,荆门市,Undirected,10
武汉市,黄冈市,Undirected,10
武汉市,宜昌市,Undirected,10
武汉市,荆州市,Undirected,10
武汉市,咸宁市,Undirected,10
武汉市,恩施州,Undirected,10
武汉市,仙桃市,Undirected,10
武汉市,天门市,Undirected,10
武汉市,网站,Undirected,10
武汉市,市例,Undirected,10
武汉市,没有,Undirected,11
人民,各级,Undirected,24
人民,组织,Undirected,33
人民,复产,Undirected,20
人民,发挥,Undirected,18
人民,战疫,Undirected,20
人民,抗击,Undirected,12
人民,阻击战,Undirected,15
人民,一个,Undirected,14
人民,他们,Undirected,16
人民,情况,Undirected,10
人民,管理,Undirected,12
人民,战斗,Undirected,23
人民,这场,Undirected,10
人民,感染,Undirected,13
人民,通过,Undirected,20
人民,力量,Undirected,13
人民,服务,Undirected,23
人民,志愿者,Undirected,10
人民,活动,Undirected,21
人民,信息,Undirected,11
人民,党支部,Undirected,12
人民,广大党员,Undirected,47
人民,打赢,Undirected,10
人民,做好,Undirected,17
人民,干部,Undirected,22
人民,及时,Undirected,10
人民,主动,Undirected,10
人民,落实,Undirected,11
人民,要求,Undirected,11
人民,重点,Undirected,16
人民,发布,Undirected,10
人民,单位,Undirected,10
人民,同时,Undirected,16
人民,社区,Undirected,19
人民,群众,Undirected,30
人民,中国共产党,Undirected,37
人民,成立,Undirected,11
人民,没有,Undirected,11
人民,领导,Undirected,13
人民,微信,Undirected,10
人民,发展,Undirected,15
人民,公众,Undirected,37
人民,全区,Undirected,11
人民,基层,Undirected,21
人民,宣传,Undirected,25
人民,举措,Undirected,11
人民,党组织,Undirected,52
人民,党员干部,Undirected,16
人民,党建,Undirected,48
人民,先锋,Undirected,21
人民,新闻网,Undirected,36
人民,堡垒作用,Undirected,11
人民,模范作用,Undirected,14
各级,组织,Undirected,13
各级,广大党员,Undirected,21
各级,干部,Undirected,15
各级,群众,Undirected,15
各级,中国共产党,Undirected,13
各级,公众,Undirected,13
各级,宣传,Undirected,11
各级,党组织,Undirected,23
各级,党员干部,Undirected,10
各级,党建,Undirected,19
各级,新闻网,Undirected,12
组织,复产,Undirected,13
组织,发挥,Undirected,12
组织,战疫,Undirected,10
组织,战斗,Undirected,13
组织,部门,Undirected,12
组织,通过,Undirected,14
组织,服务,Undirected,23
组织,活动,Undirected,13
组织,广大党员,Undirected,26
组织,做好,Undirected,11
组织,干部,Undirected,11
组织,重点,Undirected,12
组织,单位,Undirected,10
组织,同时,Undirected,15
组织,社区,Undirected,15
组织,群众,Undirected,12
组织,中国共产党,Undirected,20
组织,公众,Undirected,17
组织,基层,Undirected,14
组织,宣传,Undirected,12
组织,党组织,Undirected,29
组织,党员干部,Undirected,11
组织,党建,Undirected,28
组织,先锋,Undirected,17
组织,新闻网,Undirected,19
组织,模范作用,Undirected,10
复产,通过,Undirected,12
复产,服务,Undirected,18
复产,广大党员,Undirected,15
复产,做好,Undirected,10
复产,重点,Undirected,13
复产,中国共产党,Undirected,12
复产,发展,Undirected,13
复产,公众,Undirected,13
复产,党组织,Undirected,18
复产,党建,Undirected,18
复产,新闻网,Undirected,12
发挥,服务,Undirected,10
发挥,广大党员,Undirected,14
发挥,中国共产党,Undirected,11
发挥,公众,Undirected,12
发挥,党组织,Undirected,18
发挥,党建,Undirected,17
发挥,新闻网,Undirected,11
战疫,社区,Undirected,10
战疫,党建,Undirected,10
时间,他们,Undirected,10
时间,感染,Undirected,12
时间,没有,Undirected,10
一个,他们,Undirected,12
一个,感染,Undirected,11
一个,病毒,Undirected,10
一个,没有,Undirected,13
一个,不能,Undirected,11
隔离,他们,Undirected,14
隔离,新型,Undirected,13
隔离,冠状病毒,Undirected,13
隔离,感染,Undirected,10
隔离,接受,Undirected,11
隔离,卫健委,Undirected,11
隔离,消息,Undirected,12
隔离,黄冈市,Undirected,10
隔离,市例,Undirected,10
他们,医生,Undirected,13
他们,病人,Undirected,10
他们,护士,Undirected,14
他们,自己,Undirected,15
他们,大家,Undirected,12
他们,感染,Undirected,12
他们,没有,Undirected,16
孝感市,鄂州市,Undirected,10
孝感市,随州市,Undirected,10
孝感市,年月日时,Undirected,10
孝感市,黄石市,Undirected,10
孝感市,十堰市,Undirected,10
孝感市,消息,Undirected,10
孝感市,荆门市,Undirected,10
孝感市,黄冈市,Undirected,10
孝感市,宜昌市,Undirected,10
孝感市,荆州市,Undirected,10
孝感市,咸宁市,Undirected,10
孝感市,恩施州,Undirected,10
孝感市,仙桃市,Undirected,10
孝感市,天门市,Undirected,10
孝感市,市例,Undirected,10
新型,冠状病毒,Undirected,59
新型,标题,Undirected,11
新型,感染,Undirected,43
新型,接受,Undirected,11
新型,年月日时,Undirected,12
新型,日时,Undirected,15
新型,卫健委,Undirected,12
新型,正在,Undirected,11
新型,出现,Undirected,10
新型,消息,Undirected,15
新型,医学观察,Undirected,12
新型,密切接触,Undirected,12
冠状病毒,标题,Undirected,12
冠状病毒,感染,Undirected,42
冠状病毒,接受,Undirected,11
冠状病毒,年月日时,Undirected,12
冠状病毒,日时,Undirected,15
冠状病毒,卫健委,Undirected,12
冠状病毒,正在,Undirected,11
冠状病毒,消息,Undirected,14
冠状病毒,医学观察,Undirected,12
冠状病毒,密切接触,Undirected,12
检测,核酸,Undirected,13
标题,感染,Undirected,13
医生,护士,Undirected,10
医生,没有,Undirected,11
鄂州市,随州市,Undirected,10
鄂州市,年月日时,Undirected,10
鄂州市,黄石市,Undirected,10
鄂州市,十堰市,Undirected,10
鄂州市,消息,Undirected,10
鄂州市,荆门市,Undirected,10
鄂州市,黄冈市,Undirected,10
鄂州市,宜昌市,Undirected,10
鄂州市,荆州市,Undirected,10
鄂州市,咸宁市,Undirected,10
鄂州市,恩施州,Undirected,10
鄂州市,仙桃市,Undirected,10
鄂州市,天门市,Undirected,10
鄂州市,市例,Undirected,10
表示,情况,Undirected,11
表示,国务院,Undirected,11
表示,联防,Undirected,10
表示,联控,Undirected,10
表示,机制,Undirected,11
表示,新闻,Undirected,16
表示,发布会,Undirected,21
表示,举行,Undirected,15
表示,今日,Undirected,17
病人,感染,Undirected,13
护士,病房,Undirected,10
自己,没有,Undirected,10
情况,感染,Undirected,13
情况,新闻,Undirected,12
情况,发布会,Undirected,14
情况,及时,Undirected,10
情况,举行,Undirected,12
情况,今日,Undirected,10
管理,感染,Undirected,11
管理,社区,Undirected,10
主任,发布会,Undirected,11
主任,举行,Undirected,11
主任,今日,Undirected,10
随州市,年月日时,Undirected,10
随州市,黄石市,Undirected,10
随州市,十堰市,Undirected,10
随州市,消息,Undirected,10
随州市,荆门市,Undirected,10
随州市,黄冈市,Undirected,10
随州市,宜昌市,Undirected,10
随州市,荆州市,Undirected,10
随州市,咸宁市,Undirected,10
随州市,恩施州,Undirected,10
随州市,仙桃市,Undirected,10
随州市,天门市,Undirected,10
随州市,市例,Undirected,10
战斗,广大党员,Undirected,16
战斗,中国共产党,Undirected,13
战斗,公众,Undirected,13
战斗,基层,Undirected,12
战斗,党组织,Undirected,18
战斗,党员干部,Undirected,10
战斗,党建,Undirected,18
战斗,先锋,Undirected,14
战斗,新闻网,Undirected,12
战斗,堡垒作用,Undirected,11
战斗,模范作用,Undirected,10
感染,加强,Undirected,10
感染,没有,Undirected,14
接受,全省,Undirected,10
接受,年月日时,Undirected,13
接受,卫健委,Undirected,11
接受,消息,Undirected,16
接受,荆门市,Undirected,10
接受,仙桃市,Undirected,10
接受,网站,Undirected,12
接受,市例,Undirected,11
通过,服务,Undirected,12
通过,广大党员,Undirected,16
通过,做好,Undirected,10
通过,同时,Undirected,10
通过,中国共产党,Undirected,13
通过,公众,Undirected,17
通过,宣传,Undirected,12
通过,党组织,Undirected,18
通过,党建,Undirected,18
通过,新闻网,Undirected,13
加强,做好,Undirected,15
加强,及时,Undirected,12
全省,年月日时,Undirected,13
全省,消息,Undirected,11
全省,咸宁市,Undirected,10
全省,市例,Undirected,10
年月日时,黄石市,Undirected,10
年月日时,卫健委,Undirected,11
年月日时,十堰市,Undirected,10
年月日时,消息,Undirected,15
年月日时,荆门市,Undirected,10
年月日时,黄冈市,Undirected,10
年月日时,宜昌市,Undirected,10
年月日时,荆州市,Undirected,10
年月日时,咸宁市,Undirected,10
年月日时,恩施州,Undirected,10
年月日时,仙桃市,Undirected,10
年月日时,天门市,Undirected,10
年月日时,网站,Undirected,12
年月日时,市例,Undirected,11
日时,卫健委,Undirected,11
日时,责编,Undirected,10
日时,消息,Undirected,13
日时,医学观察,Undirected,13
日时,密切接触,Undirected,12
黄石市,十堰市,Undirected,10
黄石市,消息,Undirected,10
黄石市,荆门市,Undirected,10
黄石市,黄冈市,Undirected,10
黄石市,宜昌市,Undirected,10
黄石市,荆州市,Undirected,10
黄石市,咸宁市,Undirected,10
黄石市,恩施州,Undirected,10
黄石市,仙桃市,Undirected,10
黄石市,天门市,Undirected,10
黄石市,市例,Undirected,10
服务,指导,Undirected,11
服务,广大党员,Undirected,18
服务,做好,Undirected,16
服务,志愿,Undirected,11
服务,机制,Undirected,10
服务,政策,Undirected,11
服务,重点,Undirected,15
服务,单位,Undirected,10
服务,同时,Undirected,10
服务,社区,Undirected,13
服务,群众,Undirected,13
服务,中国共产党,Undirected,12
服务,成立,Undirected,11
服务,发展,Undirected,12
服务,公众,Undirected,15
服务,基层,Undirected,11
服务,宣传,Undirected,12
服务,党组织,Undirected,22
服务,党建,Undirected,22
服务,新闻网,Undirected,11
国务院,联防,Undirected,14
国务院,联控,Undirected,13
国务院,机制,Undirected,12
国务院,发布会,Undirected,14
联防,联控,Undirected,20
联防,机制,Undirected,14
联防,新闻,Undirected,10
联防,发布会,Undirected,13
联控,机制,Undirected,13
联控,新闻,Undirected,10
联控,发布会,Undirected,13
卫健委,消息,Undirected,18
卫健委,医学观察,Undirected,12
卫健委,网站,Undirected,14
卫健委,密切接触,Undirected,10
卫健委,当日,Undirected,10
活动,广大党员,Undirected,18
活动,中国共产党,Undirected,18
活动,公众,Undirected,17
活动,党组织,Undirected,19
活动,党建,Undirected,19
活动,先锋,Undirected,12
活动,新闻网,Undirected,18
信息,群众,Undirected,10
党支部,党组织,Undirected,11
党支部,党建,Undirected,12
广大党员,做好,Undirected,12
广大党员,干部,Undirected,18
广大党员,重点,Undirected,14
广大党员,同时,Undirected,10
广大党员,社区,Undirected,16
广大党员,群众,Undirected,17
广大党员,中国共产党,Undirected,37
广大党员,领导,Undirected,12
广大党员,发展,Undirected,11
广大党员,公众,Undirected,35
广大党员,全区,Undirected,10
广大党员,基层,Undirected,18
广大党员,宣传,Undirected,22
广大党员,举措,Undirected,11
广大党员,党组织,Undirected,48
广大党员,党员干部,Undirected,14
广大党员,党建,Undirected,45
广大党员,先锋,Undirected,20
广大党员,新闻网,Undirected,36
广大党员,堡垒作用,Undirected,10
广大党员,模范作用,Undirected,14
十堰市,消息,Undirected,10
十堰市,荆门市,Undirected,10
十堰市,黄冈市,Undirected,10
十堰市,宜昌市,Undirected,10
十堰市,荆州市,Undirected,10
十堰市,咸宁市,Undirected,10
十堰市,恩施州,Undirected,10
十堰市,仙桃市,Undirected,10
十堰市,天门市,Undirected,10
十堰市,市例,Undirected,10
做好,及时,Undirected,10
做好,要求,Undirected,10
做好,重点,Undirected,18
做好,群众,Undirected,13
做好,中国共产党,Undirected,10
做好,公众,Undirected,10
做好,宣传,Undirected,10
做好,党组织,Undirected,13
做好,党建,Undirected,14
做好,新闻网,Undirected,10
干部,社区,Undirected,11
干部,群众,Undirected,15
干部,中国共产党,Undirected,13
干部,公众,Undirected,12
干部,宣传,Undirected,11
干部,党组织,Undirected,20
干部,党员干部,Undirected,11
干部,党建,Undirected,16
干部,新闻网,Undirected,12
机制,新闻,Undirected,11
机制,发布会,Undirected,14
新闻,发布会,Undirected,28
新闻,举行,Undirected,16
新闻,今日,Undirected,17
发布会,举行,Undirected,20
发布会,今日,Undirected,22
要求,重点,Undirected,10
要求,群众,Undirected,10
重点,群众,Undirected,10
重点,中国共产党,Undirected,12
重点,发展,Undirected,10
重点,公众,Undirected,10
重点,党组织,Undirected,14
重点,党建,Undirected,14
重点,新闻网,Undirected,12
消息,荆门市,Undirected,10
消息,医学观察,Undirected,15
消息,黄冈市,Undirected,10
消息,追踪,Undirected,10
消息,宜昌市,Undirected,10
消息,荆州市,Undirected,10
消息,咸宁市,Undirected,10
消息,恩施州,Undirected,10
消息,仙桃市,Undirected,10
消息,天门市,Undirected,10
消息,网站,Undirected,18
消息,市例,Undirected,12
消息,密切接触,Undirected,15
消息,当日,Undirected,11
消息,解除,Undirected,10
荆门市,黄冈市,Undirected,10
荆门市,宜昌市,Undirected,10
荆门市,荆州市,Undirected,10
荆门市,咸宁市,Undirected,10
荆门市,恩施州,Undirected,10
荆门市,仙桃市,Undirected,10
荆门市,天门市,Undirected,10
荆门市,市例,Undirected,10
同时,公众,Undirected,10
同时,党组织,Undirected,11
同时,党建,Undirected,11
医学观察,追踪,Undirected,11
医学观察,密切接触,Undirected,17
医学观察,解除,Undirected,11
黄冈市,宜昌市,Undirected,10
黄冈市,荆州市,Undirected,10
黄冈市,咸宁市,Undirected,10
黄冈市,恩施州,Undirected,10
黄冈市,仙桃市,Undirected,10
黄冈市,天门市,Undirected,10
黄冈市,市例,Undirected,10
追踪,密切接触,Undirected,10
社区,群众,Undirected,11
社区,中国共产党,Undirected,12
社区,小区,Undirected,10
社区,公众,Undirected,13
社区,基层,Undirected,13
社区,宣传,Undirected,12
社区,党组织,Undirected,19
社区,党建,Undirected,18
社区,新闻网,Undirected,11
宜昌市,荆州市,Undirected,10
宜昌市,咸宁市,Undirected,10
宜昌市,恩施州,Undirected,10
宜昌市,仙桃市,Undirected,10
宜昌市,天门市,Undirected,10
宜昌市,市例,Undirected,10
荆州市,咸宁市,Undirected,10
荆州市,恩施州,Undirected,10
荆州市,仙桃市,Undirected,10
荆州市,天门市,Undirected,10
荆州市,市例,Undirected,10
咸宁市,恩施州,Undirected,10
咸宁市,仙桃市,Undirected,10
咸宁市,天门市,Undirected,10
咸宁市,市例,Undirected,10
恩施州,仙桃市,Undirected,10
恩施州,天门市,Undirected,10
恩施州,市例,Undirected,10
仙桃市,天门市,Undirected,10
仙桃市,市例,Undirected,10
天门市,市例,Undirected,10
群众,中国共产党,Undirected,10
群众,公众,Undirected,11
群众,宣传,Undirected,13
群众,党组织,Undirected,20
群众,党建,Undirected,16
中国共产党,公众,Undirected,32
中国共产党,基层,Undirected,14
中国共产党,宣传,Undirected,19
中国共产党,举措,Undirected,10
中国共产党,党组织,Undirected,37
中国共产党,党员干部,Undirected,11
中国共产党,党建,Undirected,37
中国共产党,先锋,Undirected,16
中国共产党,新闻网,Undirected,36
中国共产党,模范作用,Undirected,11
成立,党组织,Undirected,11
成立,党建,Undirected,11
一些,不能,Undirected,11
习近平,总书记,Undirected,12
领导,党组织,Undirected,12
领导,党建,Undirected,10
举行,今日,Undirected,18
今日,上午,Undirected,10
微信,公众,Undirected,10
密切接触,解除,Undirected,11
发展,党组织,Undirected,12
发展,党建,Undirected,12
公众,基层,Undirected,15
公众,宣传,Undirected,20
公众,党组织,Undirected,36
公众,党员干部,Undirected,11
公众,党建,Undirected,36
公众,先锋,Undirected,13
公众,新闻网,Undirected,32
公众,模范作用,Undirected,10
全区,党组织,Undirected,11
全区,党建,Undirected,11
基层,宣传,Undirected,10
基层,党组织,Undirected,20
基层,党员干部,Undirected,11
基层,党建,Undirected,19
基层,先锋,Undirected,13
基层,新闻网,Undirected,13
宣传,党组织,Undirected,24
宣传,党员干部,Undirected,12
宣传,党建,Undirected,24
宣传,先锋,Undirected,10
宣传,新闻网,Undirected,18
举措,党组织,Undirected,11
举措,党建,Undirected,11
举措,新闻网,Undirected,10
党组织,党员干部,Undirected,16
党组织,党建,Undirected,49
党组织,先锋,Undirected,22
党组织,新闻网,Undirected,36
党组织,堡垒作用,Undirected,11
党组织,模范作用,Undirected,14
党员干部,党建,Undirected,15
党员干部,先锋,Undirected,11
党员干部,新闻网,Undirected,10
党建,先锋,Undirected,23
党建,新闻网,Undirected,36
党建,堡垒作用,Undirected,11
党建,模范作用,Undirected,14
先锋,新闻网,Undirected,15
先锋,模范作用,Undirected,13
新闻网,模范作用,Undirected,11
