Word1,Word2,Weight
国家,卫生,20
国家,健康,19
国家,肺炎,17
国家,疫情,30
国家,防控,23
国家,工作,22
国家,人民网,30
国家,北京,30
国家,日电,29
国家,记者,13
国家,医疗,13
国家,救治,11
国家,湖北,23
国家,医疗队,13
国家,医院,15
国家,武汉,22
国家,累计,13
国家,介绍,10
国家,患者,16
国家,重症,16
国家,其中,14
国家,治愈,10
国家,出院,12
国家,病例,18
国家,确诊,17
国家,新增,15
国家,全国,12
国家,截至,12
国家,死亡,11
国家,报告,11
国家,表示,11
国家,情况,11
国家,感染,11
国家,卫健委,11
国家,新闻,15
国家,发布会,18
国家,举行,13
国家,今日,15
国家,密切接触,11
国家,上午,10
卫生,健康,29
卫生,肺炎,19
卫生,疫情,20
卫生,防控,15
卫生,工作,15
卫生,人民网,25
卫生,北京,23
卫生,日电,24
卫生,湖北,15
卫生,累计,14
卫生,其中,10
卫生,病例,22
卫生,确诊,17
卫生,新增,18
卫生,截至,12
卫生,报告,14
卫生,新型,11
卫生,冠状病毒,11
卫生,委员会,17
卫生,日时,10
卫生,新闻,13
卫生,发布会,14
卫生,举行,11
卫生,今日,12
健康,肺炎,19
健康,疫情,32
健康,防控,25
健康,工作,21
健康,人民网,26
健康,北京,26
健康,日电,26
健康,湖北,17
健康,武汉,14
健康,累计,15
健康,患者,10
健康,重症,12
健康,目前,10
健康,其中,11
健康,病例,25
健康,确诊,21
健康,新增,18
健康,截至,12
健康,报告,16
健康,新型,14
健康,冠状病毒,14
健康,委员会,16
健康,感染,11
健康,日时,10
健康,新闻,13
健康,发布会,14
健康,举行,11
健康,今日,12
健康,密切接触,10
中国,肺炎,12
中国,疫情,22
中国,防控,16
中国,工作,12
中国,人民网,11
中国,武汉,11
中国,人民,13
支援,新冠,11
支援,肺炎,13
支援,疫情,32
支援,防控,17
支援,工作,29
支援,日电,11
支援,医疗,21
支援,救治,16
支援,物资,17
支援,湖北,32
支援,医疗队,27
支援,医院,32
支援,我们,27
支援,武汉,33
支援,对口,10
支援,队员,20
支援,一线,13
支援,患者,25
支援,重症,15
支援,医护人员,16
支援,人民,15
支援,他们,14
新冠,肺炎,93
新冠,疫情,64
新冠,防控,51
新冠,工作,51
新冠,人民网,41
新冠,北京,20
新冠,日电,28
新冠,记者,15
新冠,医疗,15
新冠,救治,13
新冠,物资,10
新冠,湖北,17
新冠,捐赠,10
新冠,医疗队,14
新冠,医院,38
新冠,我们,19
新冠,武汉,30
新冠,襄阳,12
新冠,万元,10
新冠,累计,17
新冠,小时,10
新冠,提供,11
新冠,一线,35
新冠,湖北省,18
新冠,企业,11
新冠,参与,23
新冠,复工,13
新冠,患者,38
新冠,重症,25
新冠,开展,18
新冠,医护人员,16
新冠,治疗,26
新冠,目前,12
新冠,其中,18
新冠,治愈,12
新冠,进行,23
新冠,出院,22
新冠,方式,11
新冠,病例,21
新冠,确诊,17
新冠,新增,14
新冠,人员,13
新冠,全国,13
新冠,截至,15
新冠,报告,10
新冠,党员,18
新冠,武汉市,19
新冠,人民,34
新冠,危重症,13
新冠,各级,10
新冠,组织,17
新冠,战疫,10
新冠,时间,14
新冠,一个,12
新冠,隔离,19
新冠,他们,21
新冠,临床,10
新冠,检测,12
新冠,医生,11
新冠,病人,12
新冠,护士,12
新冠,情况,17
新冠,战斗,10
新冠,感染,12
新冠,接受,12
新冠,通过,18
新冠,年月日时,11
新冠,服务,10
新冠,卫健委,11
新冠,广大党员,23
新冠,消息,12
新冠,荆门市,11
新冠,单位,10
新冠,黄冈市,11
新冠,社区,12
新冠,咸宁市,11
新冠,天门市,10
新冠,市例,10
新冠,中国共产党,18
新冠,没有,10
新冠,病房,10
新冠,公众,19
新冠,宣传,14
新冠,党组织,23
新冠,党建,23
新冠,先锋,10
新冠,新闻网,17
肺炎,疫情,102
肺炎,防控,78
肺炎,工作,79
肺炎,专家,15
肺炎,人民网,75
肺炎,北京,38
肺炎,日电,62
肺炎,记者,29
肺炎,医疗,22
肺炎,救治,23
肺炎,物资,13
肺炎,团队,10
肺炎,湖北,29
肺炎,捐赠,12
肺炎,医疗队,20
肺炎,医院,51
肺炎,指挥部,10
肺炎,发生,11
肺炎,以来,13
肺炎,我们,31
肺炎,武汉,45
肺炎,襄阳,13
肺炎,保障,11
肺炎,万元,10
肺炎,累计,39
肺炎,小时,13
肺炎,提供,19
肺炎,一线,42
肺炎,湖北省,25
肺炎,企业,16
肺炎,介绍,11
肺炎,参与,28
肺炎,问题,10
肺炎,复工,15
肺炎,相关,12
肺炎,患者,56
肺炎,重症,35
肺炎,开展,22
肺炎,抗疫,10
肺炎,医护人员,24
肺炎,收治,14
肺炎,治疗,32
肺炎,目前,29
肺炎,其中,34
肺炎,治愈,26
肺炎,进行,31
肺炎,出院,40
肺炎,方式,14
肺炎,病例,48
肺炎,确诊,45
肺炎,新增,37
肺炎,现有,13
肺炎,人员,29
肺炎,措施,15
肺炎,全国,21
肺炎,截至,31
肺炎,死亡,17
肺炎,报告,33
肺炎,疑似病例,17
肺炎,防疫,13
肺炎,党员,20
肺炎,需要,14
肺炎,武汉市,33
肺炎,附属,10
肺炎,人民,40
肺炎,病区,11
肺炎,危重,11
肺炎,第一,12
肺炎,危重症,15
肺炎,各级,11
肺炎,组织,21
肺炎,复产,10
肺炎,发挥,10
肺炎,战疫,11
肺炎,时间,21
肺炎,一个,19
肺炎,隔离,31
肺炎,他们,27
肺炎,孝感市,10
肺炎,临床,14
肺炎,新型,56
肺炎,冠状病毒,55
肺炎,检测,15
肺炎,标题,16
肺炎,医生,13
肺炎,鄂州市,10
肺炎,表示,13
肺炎,病人,16
肺炎,护士,13
肺炎,自己,11
肺炎,情况,24
肺炎,这个,10
肺炎,管理,13
肺炎,主任,12
肺炎,大家,10
肺炎,随州市,10
肺炎,战斗,11
肺炎,委员会,13
肺炎,感染,53
肺炎,部门,11
肺炎,接受,23
肺炎,通过,19
肺炎,加强,11
肺炎,全省,15
肺炎,新华社,11
肺炎,年月日时,22
肺炎,日时,20
肺炎,黄石市,10
肺炎,服务,17
肺炎,联防,10
肺炎,卫健委,21
肺炎,正在,15
肺炎,活动,12
肺炎,责编,11
肺炎,信息,12
肺炎,期间,10
肺炎,年月日,11
肺炎,根据,10
肺炎,广大党员,26
肺炎,病毒,11
肺炎,十堰市,10
肺炎,做好,15
肺炎,机制,10
肺炎,新闻,12
肺炎,发布会,14
肺炎,出现,11
肺炎,重点,10
肺炎,消息,25
肺炎,发布,11
肺炎,荆门市,12
肺炎,同时,12
肺炎,医学观察,15
肺炎,黄冈市,14
肺炎,社区,16
肺炎,宜昌市,10
肺炎,荆州市,10
肺炎,咸宁市,12
肺炎,恩施州,10
肺炎,仙桃市,10
肺炎,天门市,10
肺炎,网站,15
肺炎,市例,13
肺炎,群众,15
肺炎,有关,11
肺炎,中国共产党,22
肺炎,没有,14
肺炎,可能,10
肺炎,病房,12
肺炎,举行,10
肺炎,今日,10
肺炎,密切接触,15
肺炎,公众,27
肺炎,宣传,16
肺炎,党组织,26
肺炎,党建,26
肺炎,先锋,10
肺炎,新闻网,20
疫情,专家,14
疫情,人民网,96
疫情,北京,48
疫情,日电,67
疫情,记者,45
疫情,医疗,35
疫情,救治,26
疫情,物资,54
疫情,团队,10
疫情,来自,12
疫情,湖北,63
疫情,捐赠,25
疫情,驰援,13
疫情,医疗队,32
疫情,医院,66
疫情,指挥部,16
疫情,运送,10
疫情,爱心,11
疫情,发生,18
疫情,以来,23
疫情,有限公司,12
疫情,医务人员,13
疫情,我们,75
疫情,生活,14
疫情,武汉,94
疫情,保障,35
疫情,万元,23
疫情,累计,17
疫情,对口,10
疫情,亿元,10
疫情,队员,21
疫情,平台,10
疫情,提供,33
疫情,生产,29
疫情,一线,84
疫情,湖北省,26
疫情,社会,19
疫情,应急,17
疫情,企业,60
疫情,安全,23
疫情,介绍,13
疫情,参与,57
疫情,员工,17
疫情,系统,11
疫情,问题,34
疫情,复工,49
疫情,对于,15
疫情,影响,17
疫情,医用,10
疫情,口罩,30
疫情,政府,12
疫情,防护,18
疫情,相关,35
疫情,地区,27
疫情,每天,16
疫情,必须,17
疫情,春节,14
疫情,作为,24
疫情,患者,48
疫情,重症,25
疫情,就是,28
疫情,开展,47
疫情,现在,12
疫情,抗疫,24
疫情,一名,11
疫情,医护人员,31
疫情,收治,10
疫情,治疗,16
疫情,目前,22
疫情,其中,16
疫情,治愈,10
疫情,进行,45
疫情,出院,21
疫情,可以,12
疫情,方式,32
疫情,病例,26
疫情,确诊,29
疫情,新增,15
疫情,人员,57
疫情,措施,34
疫情,全国,37
疫情,截至,16
疫情,报告,13
疫情,防疫,45
疫情,党员,47
疫情,任务,10
疫情,需要,22
疫情,了解,11
疫情,近日,10
疫情,全部,10
疫情,武汉市,35
疫情,人民,89
疫情,第一,12
疫情,各级,30
疫情,行动,14
疫情,组织,51
疫情,复产,34
疫情,发挥,21
疫情,战疫,32
疫情,部署,16
疫情,责任,21
疫情,抗击,26
疫情,对接,10
疫情,需求,12
疫情,阻击战,21
疫情,时间,27
疫情,特别,13
疫情,紧急,10
疫情,一个,36
疫情,隔离,28
疫情,他们,42
疫情,为了,13
疫情,新型,36
疫情,冠状病毒,33
疫情,检测,17
疫情,标题,18
疫情,医生,15
疫情,表示,36
疫情,其他,10
疫情,确保,25
疫情,病人,18
疫情,护士,12
疫情,自己,18
疫情,情况,39
疫情,这个,17
疫情,管理,23
疫情,主任,13
疫情,大家,18
疫情,战斗,24
疫情,这场,22
疫情,感染,44
疫情,部门,27
疫情,通过,38
疫情,全市,12
疫情,加强,31
疫情,针对,12
疫情,力量,16
疫情,新华社,12
疫情,市场,10
疫情,按照,18
疫情,支持,18
疫情,安排,11
疫情,下午,11
疫情,服务,50
疫情,指导,23
疫情,国务院,20
疫情,联防,21
疫情,联控,19
疫情,正在,10
疫情,志愿者,19
疫情,活动,27
疫情,项目,12
疫情,信息,30
疫情,监测,10
疫情,工作人员,13
疫情,期间,22
疫情,党支部,15
疫情,根据,12
疫情,协调,10
疫情,广大党员,49
疫情,中央,14
疫情,病毒,17
疫情,打赢,14
疫情,做好,43
疫情,干部,30
疫情,机构,10
疫情,志愿,14
疫情,看到,11
疫情,通知,14
疫情,积极,17
疫情,机制,23
疫情,新闻,24
疫情,发布会,27
疫情,出现,17
疫情,及时,34
疫情,所有,15
疫情,居民,11
疫情,已经,15
疫情,主动,16
疫情,各地,30
疫情,政策,20
疫情,落实,24
疫情,要求,30
疫情,重点,32
疫情,发布,18
疫情,单位,27
疫情,岗位,14
疫情,同时,29
疫情,召开,13
疫情,规定,10
疫情,发现,11
疫情,当前,20
疫情,街道,12
疫情,非常,11
疫情,学生,11
疫情,学习,10
疫情,严格,11
疫情,全面,17
疫情,集中,13
疫情,社区,34
疫情,群众,43
疫情,有关,17
疫情,网上,13
疫情,这些,12
疫情,引导,11
疫情,应对,17
疫情,中国共产党,37
疫情,成立,13
疫情,一些,20
疫情,消毒,19
疫情,视频,11
疫情,没有,37
疫情,习近平,14
疫情,总书记,12
疫情,重要,18
疫情,会议,11
疫情,解决,12
疫情,可能,21
疫情,领导,19
疫情,小区,12
疫情,传播,14
疫情,不同,11
疫情,不是,12
疫情,举行,18
疫情,今日,20
疫情,应该,12
疫情,微信,10
疫情,密切接触,10
疫情,排查,12
疫情,发展,25
疫情,公众,43
疫情,作用,10
疫情,全区,11
疫情,上午,14
疫情,面前,10
疫情,教育,11
疫情,基层,28
疫情,不能,21
疫情,宣传,29
疫情,一场,10
疫情,科学,11
疫情,担当,11
疫情,就业,15
疫情,坚持,17
疫情,推动,15
疫情,地方,15
疫情,建立,11
疫情,能力,12
疫情,精准,12
疫情,有序,16
疫情,举措,13
疫情,党组织,53
疫情,治理,12
疫情,众志成城,11
疫情,党员干部,18
疫情,党建,50
疫情,先锋,23
疫情,新闻网,36
疫情,堡垒作用,11
疫情,模范作用,14
防控,专家,10
防控,人民网,76
防控,北京,37
防控,日电,47
防控,记者,33
防控,医疗,22
防控,救治,15
防控,物资,42
防控,湖北,46
防控,捐赠,17
防控,医疗队,16
防控,医院,35
防控,指挥部,15
防控,发生,11
防控,以来,16
防控,医务人员,10
防控,我们,44
防控,生活,12
防控,武汉,55
防控,保障,30
防控,万元,18
防控,累计,13
防控,队员,10
防控,提供,24
防控,生产,25
防控,一线,71
防控,湖北省,17
防控,社会,12
防控,应急,12
防控,企业,46
防控,安全,17
防控,介绍,11
防控,参与,53
防控,员工,15
防控,系统,10
防控,问题,28
防控,复工,45
防控,影响,12
防控,口罩,21
防控,防护,14
防控,相关,27
防控,地区,21
防控,必须,12
防控,作为,15
防控,患者,22
防控,重症,12
防控,就是,20
防控,开展,44
防控,抗疫,16
防控,一名,10
防控,医护人员,11
防控,目前,16
防控,其中,12
防控,进行,33
防控,方式,31
防控,病例,17
防控,确诊,20
防控,人员,46
防控,措施,28
防控,全国,28
防控,截至,11
防控,报告,10
防控,防疫,38
防控,党员,44
防控,需要,18
防控,武汉市,20
防控,人民,77
防控,各级,29
防控,行动,12
防控,组织,47
防控,复产,32
防控,发挥,20
防控,战疫,29
防控,部署,15
防控,责任,19
防控,抗击,15
防控,需求,10
防控,阻击战,20
防控,时间,18
防控,一个,22
防控,隔离,19
防控,他们,17
防控,新型,28
防控,冠状病毒,25
防控,检测,10
防控,表示,19
防控,确保,21
防控,情况,26
防控,管理,19
防控,主任,13
防控,大家,11
防控,战斗,21
防控,这场,15
防控,感染,31
防控,部门,24
防控,通过,30
防控,全市,12
防控,加强,25
防控,针对,11
防控,力量,15
防控,新华社,10
防控,按照,13
防控,支持,13
防控,安排,11
防控,服务,42
防控,指导,18
防控,国务院,15
防控,联防,17
防控,联控,15
防控,志愿者,14
防控,活动,24
防控,项目,12
防控,信息,26
防控,工作人员,10
防控,期间,16
防控,党支部,15
防控,广大党员,49
防控,中央,12
防控,打赢,11
防控,做好,38
防控,干部,29
防控,志愿,11
防控,积极,15
防控,机制,18
防控,新闻,20
防控,发布会,22
防控,出现,15
防控,及时,28
防控,主动,13
防控,各地,22
防控,政策,16
防控,落实,22
防控,要求,25
防控,重点,31
防控,发布,13
防控,单位,21
防控,岗位,10
防控,同时,28
防控,召开,12
防控,当前,17
防控,街道,10
防控,严格,11
防控,全面,14
防控,社区,32
防控,群众,40
防控,有关,16
防控,中国共产党,37
防控,成立,12
防控,一些,16
防控,消毒,14
防控,没有,25
防控,习近平,14
防控,总书记,12
防控,重要,17
防控,会议,10
防控,解决,12
防控,可能,13
防控,领导,19
防控,小区,11
防控,举行,15
防控,今日,15
防控,微信,10
防控,排查,10
防控,发展,22
防控,公众,40
防控,全区,11
防控,上午,10
防控,教育,11
防控,基层,26
防控,不能,17
防控,宣传,29
防控,担当,11
防控,就业,11
防控,坚持,17
防控,推动,14
防控,地方,10
防控,建立,11
防控,能力,10
防控,精准,12
防控,有序,13
防控,举措,12
防控,党组织,53
防控,治理,11
防控,党员干部,18
防控,党建,50
防控,先锋,23
防控,新闻网,36
防控,堡垒作用,11
防控,模范作用,14
工作,专家,10
工作,人民网,72
工作,北京,35
工作,日电,49
工作,记者,32
工作,医疗,27
工作,救治,21
工作,物资,38
工作,团队,10
工作,湖北,47
工作,捐赠,14
工作,医疗队,31
工作,医院,55
工作,指挥部,13
工作,以来,13
工作,我们,48
工作,生活,11
工作,武汉,68
工作,保障,25
工作,万元,14
工作,累计,12
工作,队员,20
工作,小时,10
工作,提供,16
工作,生产,18
工作,一线,67
工作,湖北省,18
工作,应急,15
工作,企业,40
工作,安全,16
工作,参与,47
工作,员工,12
工作,系统,10
工作,问题,25
工作,复工,37
工作,口罩,20
工作,防护,19
工作,相关,20
工作,地区,18
工作,每天,15
工作,防护服,13
工作,必须,15
工作,作为,20
工作,患者,39
工作,重症,27
工作,就是,19
工作,开展,45
工作,现在,11
工作,抗疫,20
工作,一名,13
工作,医护人员,24
工作,收治,11
工作,治疗,12
工作,目前,12
工作,其中,15
工作,进行,33
工作,出院,13
工作,同事,12
工作,方式,27
工作,病例,14
工作,确诊,19
工作,人员,39
工作,措施,20
工作,全国,22
工作,截至,12
工作,报告,11
工作,防疫,36
工作,党员,43
工作,需要,22
工作,武汉市,23
工作,进入,11
工作,人民,71
工作,病区,12
工作,第一,10
工作,危重症,10
工作,各级,25
工作,组织,43
工作,复产,24
工作,发挥,18
工作,战疫,22
工作,部署,12
工作,责任,13
工作,抗击,15
工作,阻击战,17
工作,时间,28
工作,特别,11
工作,一个,23
工作,隔离,19
工作,他们,34
工作,新型,24
工作,冠状病毒,24
工作,检测,14
工作,医生,13
工作,今天,10
工作,表示,18
工作,确保,17
工作,病人,14
工作,护士,17
工作,自己,20
工作,情况,32
工作,这个,10
工作,管理,19
工作,主任,13
工作,大家,13
工作,战斗,23
工作,这场,14
工作,感染,33
工作,部门,20
工作,通过,29
工作,加强,24
工作,力量,13
工作,新华社,10
工作,按照,13
工作,支持,12
工作,安排,13
工作,服务,40
工作,指导,15
工作,国务院,17
工作,联防,18
工作,联控,16
工作,志愿者,13
工作,活动,22
工作,项目,11
工作,信息,20
工作,监测,11
工作,工作人员,12
工作,期间,12
工作,党支部,14
工作,广大党员,44
工作,中央,10
工作,打赢,11
工作,做好,37
工作,干部,29
工作,志愿,12
工作,看到,10
工作,通知,12
工作,积极,12
工作,机制,20
工作,新闻,18
工作,发布会,20
工作,及时,25
工作,已经,11
工作,主动,17
工作,各地,20
工作,政策,14
工作,落实,21
工作,要求,23
工作,重点,27
工作,单位,20
工作,岗位,10
工作,同时,25
工作,召开,12
工作,当前,15
工作,街道,11
工作,全面,12
工作,社区,30
工作,群众,35
工作,有关,15
工作,中国共产党,32
工作,成立,11
工作,一些,10
工作,消毒,15
工作,没有,28
工作,习近平,13
工作,总书记,11
工作,重要,11
工作,会议,10
工作,解决,10
工作,可能,12
工作,病房,12
工作,领导,18
工作,小区,10
工作,举行,14
工作,今日,15
工作,微信,10
工作,排查,11
工作,发展,16
工作,公众,34
工作,全区,10
工作,上午,11
工作,教育,11
工作,基层,25
工作,不能,13
工作,宣传,28
工作,担当,10
工作,就业,13
工作,坚持,16
工作,推动,13
工作,建立,10
工作,有序,11
工作,举措,10
工作,党组织,48
工作,党员干部,17
工作,党建,45
工作,先锋,22
工作,新闻网,31
工作,堡垒作用,10
工作,模范作用,13
专家,医疗,10
专家,医院,12
专家,武汉,10
专家,患者,13
人民网,北京,61
人民网,日电,101
人民网,记者,21
人民网,医疗,11
人民网,救治,14
人民网,物资,17
人民网,湖北,31
人民网,医院,30
人民网,我们,18
人民网,武汉,41
人民网,襄阳,10
人民网,保障,10
人民网,累计,36
人民网,提供,12
人民网,一线,43
人民网,湖北省,22
人民网,企业,21
人民网,介绍,11
人民网,参与,38
人民网,系统,10
人民网,问题,14
人民网,复工,20
人民网,相关,11
人民网,地区,11
人民网,作为,11
人民网,患者,22
人民网,重症,24
人民网,开展,23
人民网,医护人员,10
人民网,治疗,16
人民网,目前,23
人民网,其中,36
人民网,治愈,24
人民网,进行,19
人民网,出院,33
人民网,方式,16
人民网,病例,46
人民网,确诊,40
人民网,新增,35
人民网,现有,18
人民网,人员,23
人民网,措施,10
人民网,全国,23
人民网,截至,31
人民网,死亡,24
人民网,报告,32
人民网,疑似病例,21
人民网,防疫,18
人民网,党员,25
人民网,武汉市,26
人民网,人民,51
人民网,各级,13
人民网,组织,24
人民网,复产,15
人民网,发挥,11
人民网,时间,17
人民网,一个,12
人民网,隔离,22
人民网,孝感市,10
人民网,临床,12
人民网,新型,34
人民网,冠状病毒,34
人民网,标题,15
人民网,鄂州市,11
人民网,表示,27
人民网,确保,11
人民网,情况,24
人民网,管理,13
人民网,主任,13
人民网,随州市,11
人民网,战斗,14
人民网,委员会,15
人民网,感染,21
人民网,部门,13
人民网,接受,19
人民网,通过,19
人民网,全省,12
人民网,年月日时,17
人民网,日时,20
人民网,黄石市,10
人民网,服务,17
人民网,指导,11
人民网,国务院,13
人民网,联防,12
人民网,联控,11
人民网,卫健委,26
人民网,活动,19
人民网,责编,12
人民网,年月日,10
人民网,广大党员,37
人民网,十堰市,10
人民网,做好,18
人民网,干部,16
人民网,机制,14
人民网,新闻,22
人民网,发布会,26
人民网,及时,10
人民网,重点,16
人民网,消息,28
人民网,发布,12
人民网,荆门市,11
人民网,单位,12
人民网,同时,12
人民网,医学观察,18
人民网,黄冈市,12
人民网,追踪,10
人民网,社区,15
人民网,宜昌市,10
人民网,荆州市,10
人民网,咸宁市,10
人民网,恩施州,10
人民网,仙桃市,11
人民网,天门市,10
人民网,网站,18
人民网,市例,12
人民网,群众,13
人民网,有关,12
人民网,中国共产党,37
人民网,没有,11
人民网,领导,11
人民网,举行,21
人民网,今日,25
人民网,密切接触,21
人民网,发展,12
人民网,公众,34
人民网,当日,13
人民网,解除,11
人民网,全区,10
人民网,上午,14
人民网,基层,16
人民网,宣传,20
人民网,举措,11
人民网,党组织,37
人民网,党员干部,12
人民网,党建,37
人民网,先锋,16
人民网,新闻网,36
人民网,模范作用,11
北京,日电,71
北京,记者,27
北京,物资,10
北京,湖北,24
北京,医院,15
北京,武汉,24
北京,襄阳,10
北京,累计,31
北京,湖北省,17
北京,介绍,14
北京,系统,10
北京,相关,11
北京,地区,11
北京,患者,17
北京,重症,20
北京,治疗,17
北京,目前,18
北京,其中,36
北京,治愈,20
北京,进行,14
北京,出院,27
北京,病例,39
北京,确诊,35
北京,新增,33
北京,现有,17
北京,人员,11
北京,全国,20
北京,截至,30
北京,新疆生产建设兵团,10
北京,死亡,22
北京,报告,27
北京,疑似病例,18
北京,武汉市,21
北京,时间,11
北京,隔离,12
北京,新型,20
北京,冠状病毒,20
北京,表示,23
北京,情况,16
北京,主任,10
北京,委员会,14
北京,感染,15
北京,接受,16
北京,年月日时,14
北京,日时,16
北京,国务院,16
北京,联防,15
北京,联控,14
北京,卫健委,22
北京,责编,10
北京,机制,14
北京,新闻,21
北京,发布会,27
北京,消息,25
北京,医学观察,17
北京,天门市,10
北京,网站,17
北京,有关,12
北京,举行,18
北京,今日,22
北京,密切接触,18
北京,当日,12
日电,记者,41
日电,医疗,13
日电,救治,15
日电,物资,15
日电,湖北,32
日电,捐赠,10
日电,医疗队,12
日电,医院,34
日电,医务人员,11
日电,我们,18
日电,武汉,48
日电,襄阳,10
日电,累计,38
日电,提供,10
日电,一线,12
日电,湖北省,24
日电,介绍,14
日电,问题,10
日电,相关,10
日电,地区,10
日电,患者,27
日电,重症,26
日电,医护人员,12
日电,治疗,19
日电,目前,24
日电,其中,40
日电,治愈,26
日电,进行,18
日电,出院,35
日电,病例,50
日电,确诊,42
日电,新增,38
日电,现有,20
日电,人员,17
日电,全国,25
日电,截至,36
日电,新疆生产建设兵团,10
日电,死亡,26
日电,报告,34
日电,疑似病例,23
日电,需要,10
日电,武汉市,29
日电,人民,10
日电,危重,10
日电,时间,13
日电,隔离,19
日电,孝感市,10
日电,临床,13
日电,新型,35
日电,冠状病毒,36
日电,标题,18
日电,鄂州市,11
日电,表示,29
日电,情况,20
日电,主任,12
日电,随州市,11
日电,委员会,14
日电,感染,26
日电,接受,20
日电,加强,11
日电,全省,13
日电,新华社,15
日电,年月日时,20
日电,日时,22
日电,黄石市,10
日电,国务院,16
日电,联防,14
日电,联控,13
日电,卫健委,26
日电,正在,10
日电,责编,13
日电,年月日,11
日电,十堰市,10
日电,做好,11
日电,机制,13
日电,新闻,24
日电,发布会,29
日电,消息,27
日电,荆门市,11
日电,医学观察,18
日电,黄冈市,13
日电,追踪,10
日电,宜昌市,10
日电,荆州市,10
日电,咸宁市,10
日电,恩施州,10
日电,仙桃市,10
日电,天门市,10
日电,网站,17
日电,市例,12
日电,有关,13
日电,没有,10
日电,举行,22
日电,今日,26
日电,密切接触,20
日电,当日,13
日电,解除,11
日电,上午,13
记者,物资,11
记者,湖北,14
记者,医疗队,10
记者,医院,23
记者,我们,11
记者,武汉,28
记者,一线,11
记者,介绍,10
记者,患者,21
记者,医护人员,12
记者,病例,10
记者,确诊,11
记者,人员,13
记者,全国,17
记者,需要,11
记者,武汉市,12
记者,时间,10
记者,他们,11
记者,新型,14
记者,冠状病毒,14
记者,表示,11
记者,情况,11
记者,感染,16
记者,新华社,14
记者,新闻,10
记者,发布会,10
医疗,救治,20
医疗,物资,18
医疗,湖北,26
医疗,医疗队,26
医疗,医院,36
医疗,我们,27
医疗,武汉,32
医疗,队员,22
医疗,患者,30
医疗,重症,14
医疗,医护人员,16
医疗,其中,10
医疗,进行,12
医疗,方舱,10
医疗,人员,10
医疗,武汉市,11
医疗,人民,18
医疗,他们,13
救治,物资,10
救治,湖北,24
救治,医疗队,18
救治,医院,29
救治,我们,13
救治,武汉,28
救治,队员,13
救治,患者,38
救治,重症,19
救治,医护人员,18
救治,治疗,13
救治,出院,11
救治,确诊,10
救治,武汉市,10
救治,人民,11
救治,感染,14
物资,湖北,23
物资,捐赠,18
物资,医疗队,12
物资,医院,20
物资,我们,22
物资,武汉,32
物资,保障,17
物资,万元,11
物资,提供,10
物资,生产,18
物资,一线,19
物资,湖北省,13
物资,企业,23
物资,参与,12
物资,复工,15
物资,医用,11
物资,口罩,11
物资,开展,10
物资,人员,12
物资,全国,10
物资,防疫,19
物资,武汉市,12
物资,人民,20
物资,组织,11
物资,复产,11
物资,通过,10
物资,服务,11
物资,做好,13
物资,重点,13
团队,患者,10
湖北,捐赠,12
湖北,驰援,10
湖北,医疗队,34
湖北,医院,45
湖北,指挥部,10
湖北,医务人员,12
湖北,我们,31
湖北,武汉,57
湖北,累计,22
湖北,队员,23
湖北,生产,10
湖北,一线,21
湖北,湖北省,19
湖北,企业,10
湖北,患者,32
湖北,重症,25
湖北,开展,12
湖北,抗疫,13
湖北,医护人员,18
湖北,收治,10
湖北,目前,13
湖北,其中,21
湖北,治愈,15
湖北,进行,13
湖北,出院,20
湖北,病例,20
湖北,确诊,22
湖北,新增,15
湖北,人员,14
湖北,全国,12
湖北,截至,18
湖北,死亡,11
湖北,报告,13
湖北,疑似病例,12
湖北,防疫,10
湖北,武汉市,12
湖北,人民,19
湖北,组织,10
湖北,一个,11
湖北,隔离,10
湖北,他们,18
湖北,表示,11
湖北,情况,13
湖北,感染,10
湖北,新闻,12
湖北,发布会,12
湖北,医学观察,11
湖北,没有,10
湖北,今日,12
湖北,密切接触,12
捐赠,医院,14
捐赠,武汉,15
捐赠,万元,11
捐赠,一线,10
捐赠,湖北省,10
驰援,医疗队,11
驰援,医院,10
驰援,我们,10
驰援,武汉,11
医疗队,医院,44
医疗队,我们,27
医疗队,武汉,43
医疗队,队员,24
医疗队,一线,15
医疗队,防护服,11
医疗队,患者,34
医疗队,重症,24
医疗队,医护人员,23
医疗队,收治,10
医疗队,治疗,12
医疗队,其中,10
医疗队,治愈,10
医疗队,方舱,12
医疗队,出院,14
医疗队,武汉市,12
医疗队,人民,16
医疗队,病区,10
医疗队,第一,11
医疗队,他们,19
医疗队,护士,13
医院,指挥部,10
医院,医务人员,14
医院,我们,63
医院,武汉,78
医院,队员,27
医院,小时,12
医院,提供,13
医院,一线,27
医院,湖北省,12
医院,介绍,11
医院,火神,12
医院,防护,10
医院,每天,14
医院,防护服,16
医院,作为,10
医院,患者,74
医院,重症,38
医院,就是,13
医院,现在,12
医院,抗疫,11
医院,一名,14
医院,医护人员,39
医院,收治,20
医院,治疗,25
医院,其中,13
医院,治愈,14
医院,进行,22
医院,方舱,18
医院,出院,21
医院,生命,11
医院,同事,14
医院,病例,11
医院,确诊,12
医院,人员,11
医院,全国,16
医院,需要,13
医院,武汉市,33
医院,附属,14
医院,人民,34
医院,病区,17
医院,第一,15
医院,危重症,13
医院,组织,11
医院,抗击,11
医院,时间,16
医院,一个,20
医院,隔离,13
医院,他们,41
医院,临床,10
医院,新型,12
医院,冠状病毒,12
医院,检测,13
医院,标题,12
医院,医生,25
医院,表示,13
医院,病人,17
医院,护士,28
医院,自己,18
医院,情况,15
医院,主任,11
医院,大家,12
医院,感染,28
医院,下午,10
医院,看到,10
医院,已经,13
医院,开始,10
医院,没有,25
医院,病房,13
以来,武汉,10
完成,患者,10
医务人员,我们,10
医务人员,武汉,12
医务人员,患者,10
我们,武汉,59
我们,队员,22
我们,提供,13
我们,一线,19
我们,企业,14
我们,问题,10
我们,口罩,13
我们,相关,10
我们,每天,10
我们,防护服,13
我们,患者,37
我们,重症,18
我们,就是,15
我们,你们,10
我们,现在,12
我们,抗疫,11
我们,医护人员,27
我们,治疗,10
我们,进行,13
我们,同事,10
我们,人员,13
我们,需要,15
我们,武汉市,26
我们,人民,32
我们,组织,10
我们,抗击,11
我们,时间,16
我们,一个,21
我们,隔离,11
我们,他们,41
我们,新型,12
我们,冠状病毒,11
我们,医生,17
我们,表示,11
我们,病人,14
我们,护士,15
我们,自己,13
我们,这个,12
我们,大家,12
我们,这场,13
我们,感染,20
我们,信息,10
我们,看到,12
我们,群众,13
我们,没有,30
我们,不能,10
我们,众志成城,10
武汉,保障,10
武汉,累计,16
武汉,队员,25
武汉,小时,12
武汉,一线,30
武汉,湖北省,19
武汉,企业,11
武汉,介绍,12
武汉,问题,13
武汉,火神,10
武汉,口罩,12
武汉,防护,11
武汉,相关,12
武汉,每天,15
武汉,防护服,15
武汉,必须,10
武汉,作为,15
武汉,患者,60
武汉,重症,37
武汉,就是,13
武汉,你们,10
武汉,现在,13
武汉,抗疫,14
武汉,一名,11
武汉,医护人员,36
武汉,收治,19
武汉,治疗,23
武汉,目前,14
武汉,其中,18
武汉,治愈,19
武汉,进行,28
武汉,方舱,17
武汉,出院,23
武汉,同事,11
武汉,病例,19
武汉,确诊,20
武汉,新增,14
武汉,人员,22
武汉,措施,11
武汉,全国,18
武汉,截至,14
武汉,报告,11
武汉,防疫,13
武汉,需要,13
武汉,武汉市,40
武汉,附属,10
武汉,人民,32
武汉,病区,13
武汉,第一,12
武汉,组织,13
武汉,抗击,12
武汉,时间,15
武汉,一个,15
武汉,隔离,22
武汉,他们,38
武汉,为了,11
武汉,新型,17
武汉,冠状病毒,16
武汉,检测,14
武汉,标题,12
武汉,医生,18
武汉,表示,15
武汉,病人,12
武汉,护士,19
武汉,自己,16
武汉,情况,16
武汉,管理,11
武汉,主任,10
武汉,大家,12
武汉,这场,12
武汉,感染,23
武汉,奔赴,10
武汉,力量,10
武汉,下午,11
武汉,做好,11
武汉,看到,11
武汉,新闻,10
武汉,发布会,11
武汉,已经,13
武汉,各地,12
武汉,消息,10
武汉,社区,12
武汉,群众,11
武汉,消毒,10
武汉,视频,11
武汉,没有,30
武汉,病房,11
武汉,密切接触,10
武汉,上午,12
襄阳,累计,11
襄阳,湖北省,11
襄阳,治疗,12
襄阳,其中,10
襄阳,出院,11
襄阳,病例,10
襄阳,新增,10
襄阳,武汉市,11
襄阳,孝感市,10
襄阳,鄂州市,10
襄阳,随州市,10
襄阳,年月日时,10
襄阳,黄石市,10
襄阳,十堰市,10
襄阳,消息,10
襄阳,荆门市,10
襄阳,黄冈市,10
襄阳,宜昌市,10
襄阳,荆州市,10
襄阳,咸宁市,10
襄阳,恩施州,10
襄阳,仙桃市,10
襄阳,天门市,10
襄阳,市例,10
保障,生产,12
保障,一线,13
保障,企业,21
保障,复工,18
保障,人民,14
保障,组织,15
保障,复产,13
保障,加强,10
保障,服务,12
保障,重点,12
保障,党组织,10
万元,一线,12
万元,企业,10
累计,湖北省,20
累计,患者,15
累计,重症,24
累计,治疗,18
累计,目前,19
累计,其中,37
累计,治愈,30
累计,出院,37
累计,病例,45
累计,确诊,42
累计,新增,39
累计,现有,19
累计,截至,37
累计,新疆生产建设兵团,11
累计,死亡,24
累计,报告,38
累计,疑似病例,24
累计,武汉市,16
累计,危重,11
累计,隔离,16
累计,孝感市,10
累计,新型,21
累计,冠状病毒,21
累计,鄂州市,10
累计,随州市,11
累计,委员会,13
累计,感染,11
累计,接受,17
累计,全省,14
累计,年月日时,19
累计,日时,21
累计,黄石市,10
累计,卫健委,23
累计,正在,10
累计,责编,11
累计,十堰市,10
累计,消息,26
累计,荆门市,10
累计,医学观察,20
累计,黄冈市,12
累计,追踪,12
累计,宜昌市,10
累计,荆州市,10
累计,咸宁市,10
累计,恩施州,10
累计,仙桃市,10
累计,天门市,10
累计,网站,16
累计,市例,13
累计,密切接触,20
累计,当日,13
累计,解除,12
队员,一线,14
队员,患者,19
队员,重症,13
队员,医护人员,18
队员,方舱,10
队员,武汉市,11
队员,人民,11
队员,他们,18
小时,患者,13
提供,一线,14
提供,企业,17
提供,参与,11
提供,复工,14
提供,方式,10
提供,全国,10
提供,人民,16
提供,组织,10
提供,复产,12
提供,服务,16
生产,一线,16
生产,企业,23
生产,参与,12
生产,复工,18
生产,人民,13
生产,组织,10
生产,复产,14
生产,服务,12
生产,党组织,11
生产,党建,11
一线,企业,25
一线,参与,48
一线,复工,26
一线,作为,12
一线,患者,14
一线,开展,30
一线,抗疫,16
一线,医护人员,14
一线,进行,13
一线,方式,22
一线,人员,15
一线,全国,12
一线,防疫,19
一线,党员,38
一线,武汉市,10
一线,人民,59
一线,各级,21
一线,组织,29
一线,复产,19
一线,发挥,17
一线,战疫,20
一线,责任,10
一线,抗击,13
一线,阻击战,12
一线,时间,12
一线,一个,10
一线,他们,15
一线,确保,10
一线,情况,12
一线,战斗,18
一线,通过,18
一线,服务,24
一线,指导,11
一线,志愿者,11
一线,活动,19
一线,党支部,13
一线,广大党员,45
一线,做好,15
一线,干部,21
一线,志愿,11
一线,重点,14
一线,发布,10
一线,单位,12
一线,同时,14
一线,社区,23
一线,群众,19
一线,中国共产党,37
一线,成立,11
一线,领导,13
一线,发展,11
一线,公众,35
一线,全区,10
一线,基层,19
一线,宣传,25
一线,举措,11
一线,党组织,49
一线,党员干部,17
一线,党建,48
一线,先锋,22
一线,新闻网,36
一线,堡垒作用,10
一线,模范作用,13
湖北省,患者,12
湖北省,治疗,12
湖北省,其中,15
湖北省,治愈,12
湖北省,出院,16
湖北省,病例,19
湖北省,确诊,15
湖北省,新增,17
湖北省,截至,14
湖北省,报告,14
湖北省,武汉市,22
湖北省,隔离,10
湖北省,孝感市,10
湖北省,鄂州市,10
湖北省,随州市,11
湖北省,接受,12
湖北省,全省,10
湖北省,年月日时,11
湖北省,黄石市,10
湖北省,卫健委,14
湖北省,十堰市,11
湖北省,消息,13
湖北省,荆门市,11
湖北省,黄冈市,12
湖北省,宜昌市,10
湖北省,荆州市,10
湖北省,咸宁市,10
湖北省,恩施州,10
湖北省,仙桃市,10
湖北省,天门市,11
湖北省,网站,11
湖北省,市例,10
企业,安全,10
企业,参与,23
企业,员工,14
企业,问题,10
企业,复工,45
企业,开展,16
企业,方式,17
企业,人员,13
企业,措施,14
企业,防疫,14
企业,党员,16
企业,人民,24
企业,各级,12
企业,组织,25
企业,复产,33
企业,发挥,10
企业,对接,10
企业,部门,12
企业,通过,16
企业,服务,25
企业,广大党员,19
企业,做好,15
企业,政策,17
企业,落实,10
企业,重点,22
企业,同时,14
企业,群众,12
企业,中国共产党,13
企业,发展,17
企业,公众,15
企业,宣传,10
企业,就业,13
企业,推动,11
企业,有序,10
企业,党组织,22
企业,党建,22
企业,先锋,10
企业,新闻网,13
安全,复工,10
介绍,患者,12
介绍,病例,10
参与,复工,25
参与,开展,27
参与,进行,10
参与,方式,23
参与,人员,10
参与,防疫,13
参与,党员,34
参与,人民,50
参与,各级,20
参与,组织,27
参与,复产,18
参与,发挥,18
参与,管理,11
参与,战斗,18
参与,通过,18
参与,服务,22
参与,指导,10
参与,活动,20
参与,党支部,11
参与,广大党员,44
参与,做好,13
参与,干部,17
参与,重点,13
参与,同时,12
参与,社区,19
参与,群众,18
参与,中国共产党,37
参与,成立,11
参与,发展,11
参与,公众,36
参与,全区,11
参与,基层,19
参与,宣传,25
参与,举措,11
参与,党组织,49
参与,党员干部,15
参与,党建,48
参与,先锋,21
参与,新闻网,36
参与,堡垒作用,11
参与,模范作用,14
员工,复工,13
员工,复产,11
问题,相关,10
问题,进行,10
问题,人民,11
问题,情况,11
问题,及时,10
问题,解决,10
复工,开展,18
复工,方式,16
复工,人员,14
复工,措施,12
复工,防疫,12
复工,党员,19
复工,人民,26
复工,各级,12
复工,组织,21
复工,复产,36
复工,发挥,10
复工,通过,16
复工,服务,27
复工,指导,10
复工,活动,11
复工,项目,10
复工,广大党员,22
复工,做好,15
复工,政策,12
复工,落实,10
复工,重点,21
复工,单位,10
复工,同时,13
复工,群众,12
复工,中国共产党,16
复工,发展,17
复工,公众,16
复工,宣传,10
复工,就业,11
复工,推动,11
复工,党组织,25
复工,党建,25
复工,先锋,13
复工,新闻网,15
相关,及时,11
防护服,患者,10
防护服,他们,11
患者,重症,35
患者,一名,14
患者,医护人员,28
患者,收治,20
患者,治疗,33
患者,目前,13
患者,其中,16
患者,治愈,20
患者,进行,24
患者,方舱,15
患者,出院,32
患者,生命,12
患者,同事,10
患者,病例,20
患者,确诊,25
患者,新增,12
患者,人员,13
患者,全国,12
患者,截至,14
患者,需要,12
患者,武汉市,27
患者,附属,10
患者,人民,20
患者,病区,18
患者,病情,10
患者,第一,12
患者,危重症,13
患者,时间,14
患者,一个,17
患者,隔离,18
患者,他们,29
患者,临床,11
患者,新型,18
患者,冠状病毒,18
患者,检测,19
患者,医生,21
患者,表示,11
患者,病人,19
患者,护士,20
患者,自己,13
患者,情况,15
患者,管理,10
患者,感染,28
患者,核酸,10
患者,已经,15
患者,没有,21
患者,病房,13
重症,医护人员,14
重症,治疗,18
重症,目前,16
重症,其中,27
重症,治愈,23
重症,出院,26
重症,病例,27
重症,确诊,28
重症,新增,23
重症,现有,17
重症,截至,18
重症,新疆生产建设兵团,11
重症,死亡,17
重症,报告,20
重症,疑似病例,15
重症,武汉市,10
重症,第一,10
重症,危重症,14
重症,他们,13
重症,新型,12
重症,冠状病毒,13
重症,医生,10
重症,护士,12
重症,感染,15
重症,卫健委,11
重症,消息,15
重症,医学观察,13
重症,密切接触,13
就是,人民,11
就是,他们,11
开展,进行,14
开展,方式,13
开展,人员,10
开展,防疫,15
开展,党员,26
开展,人民,28
开展,组织,22
开展,复产,14
开展,发挥,13
开展,战斗,12
开展,通过,12
开展,服务,26
开展,活动,14
开展,广大党员,25
开展,做好,12
开展,干部,11
开展,重点,11
开展,社区,15
开展,群众,10
开展,中国共产党,19
开展,公众,21
开展,基层,15
开展,宣传,17
开展,党组织,27
开展,党员干部,10
开展,党建,27
开展,先锋,15
开展,新闻网,18
开展,模范作用,10
抗疫,人民,11
医护人员,治疗,12
医护人员,进行,13
医护人员,出院,14
医护人员,武汉市,14
医护人员,人民,16
医护人员,病区,12
医护人员,他们,25
医护人员,医生,10
医护人员,护士,12
医护人员,感染,15
收治,武汉市,10
治疗,目前,12
治疗,其中,15
治疗,治愈,18
治疗,进行,13
治疗,出院,27
治疗,病例,17
治疗,确诊,19
治疗,新增,17
治疗,截至,16
治疗,报告,13
治疗,武汉市,19
治疗,危重症,11
治疗,隔离,19
治疗,他们,10
治疗,孝感市,12
治疗,鄂州市,10
治疗,随州市,10
治疗,感染,11
治疗,接受,12
治疗,年月日时,11
治疗,黄石市,10
治疗,卫健委,12
治疗,十堰市,10
治疗,消息,14
治疗,荆门市,10
治疗,黄冈市,12
治疗,宜昌市,10
治疗,荆州市,10
治疗,咸宁市,10
治疗,恩施州,10
治疗,仙桃市,10
治疗,天门市,10
治疗,网站,10
治疗,市例,11
目前,其中,20
目前,治愈,15
目前,出院,19
目前,病例,24
目前,确诊,23
目前,新增,21
目前,截至,21
目前,死亡,10
目前,报告,16
目前,隔离,11
目前,新型,14
目前,冠状病毒,14
目前,接受,14
目前,年月日时,12
目前,日时,10
目前,卫健委,10
目前,消息,14
其中,治愈,29
其中,出院,36
其中,病例,39
其中,确诊,36
其中,新增,35
其中,现有,19
其中,截至,34
其中,新疆生产建设兵团,11
其中,死亡,23
其中,报告,31
其中,疑似病例,20
其中,武汉市,15
其中,隔离,11
其中,孝感市,10
其中,新型,18
其中,冠状病毒,18
其中,鄂州市,11
其中,随州市,11
其中,感染,11
其中,接受,16
其中,全省,13
其中,年月日时,21
其中,日时,18
其中,黄石市,10
其中,卫健委,20
其中,十堰市,10
其中,消息,26
其中,荆门市,10
其中,医学观察,16
其中,黄冈市,10
其中,追踪,10
其中,宜昌市,10
其中,荆州市,10
其中,咸宁市,10
其中,恩施州,10
其中,仙桃市,10
其中,天门市,10
其中,网站,17
其中,市例,11
其中,密切接触,14
其中,当日,13
治愈,出院,39
治愈,病例,31
治愈,确诊,28
治愈,新增,25
治愈,现有,17
治愈,截至,23
治愈,新疆生产建设兵团,10
治愈,死亡,18
治愈,报告,27
治愈,疑似病例,19
治愈,武汉市,11
治愈,隔离,15
治愈,新型,12
治愈,冠状病毒,12
治愈,全省,10
治愈,年月日时,11
治愈,卫健委,16
治愈,消息,17
治愈,医学观察,13
治愈,网站,11
治愈,密切接触,11
治愈,当日,11
进行,出院,10
进行,病例,10
进行,人员,13
进行,防疫,10
进行,武汉市,14
进行,人民,13
进行,时间,12
进行,隔离,14
进行,他们,14
进行,确保,10
进行,感染,11
进行,信息,10
进行,做好,11
进行,社区,10
进行,消毒,11
方舱,他们,10
出院,病例,36
出院,确诊,37
出院,新增,31
出院,现有,19
出院,截至,29
出院,新疆生产建设兵团,11
出院,死亡,21
出院,报告,31
出院,疑似病例,22
出院,武汉市,17
出院,隔离,21
出院,他们,11
出院,孝感市,11
出院,新型,19
出院,冠状病毒,19
出院,检测,10
出院,鄂州市,11
出院,随州市,11
出院,感染,14
出院,接受,14
出院,全省,12
出院,年月日时,16
出院,日时,13
出院,黄石市,10
出院,卫健委,20
出院,十堰市,10
出院,消息,23
出院,荆门市,10
出院,医学观察,16
出院,黄冈市,12
出院,宜昌市,10
出院,荆州市,10
出院,咸宁市,11
出院,恩施州,10
出院,仙桃市,10
出院,天门市,10
出院,网站,16
出院,市例,12
出院,密切接触,13
出院,当日,12
出院,解除,10
方式,党员,15
方式,人民,24
方式,各级,12
方式,组织,14
方式,复产,13
方式,通过,12
方式,服务,17
方式,活动,10
方式,广大党员,20
方式,群众,10
方式,中国共产党,15
方式,公众,18
方式,宣传,13
方式,党组织,23
方式,党建,23
方式,新闻网,15
病例,确诊,53
病例,新增,48
病例,现有,22
病例,全国,10
病例,截至,37
病例,新疆生产建设兵团,11
病例,死亡,27
病例,报告,40
病例,疑似病例,28
病例,武汉市,18
病例,危重,10
病例,隔离,18
病例,孝感市,10
病例,新型,27
病例,冠状病毒,27
病例,鄂州市,10
病例,表示,11
病例,情况,10
病例,随州市,10
病例,委员会,15
病例,感染,15
病例,接受,19
病例,全省,14
病例,通报,10
病例,年月日时,19
病例,日时,23
病例,黄石市,10
病例,卫健委,28
病例,责编,11
病例,十堰市,10
病例,新闻,13
病例,发布会,13
病例,消息,29
病例,荆门市,10
病例,医学观察,21
病例,黄冈市,12
病例,追踪,12
病例,宜昌市,10
病例,荆州市,10
病例,咸宁市,11
病例,恩施州,10
病例,仙桃市,10
病例,天门市,10
病例,网站,17
病例,市例,13
病例,举行,10
病例,今日,10
病例,密切接触,22
病例,当日,13
病例,解除,12
确诊,新增,44
确诊,现有,20
确诊,全国,11
确诊,截至,34
确诊,新疆生产建设兵团,11
确诊,死亡,24
确诊,报告,36
确诊,疑似病例,26
确诊,武汉市,14
确诊,危重,10
确诊,隔离,18
确诊,新型,28
确诊,冠状病毒,28
确诊,情况,10
确诊,委员会,12
确诊,感染,19
确诊,接受,14
确诊,全省,11
确诊,通报,10
确诊,年月日时,16
确诊,日时,22
确诊,卫健委,24
确诊,责编,10
确诊,新闻,14
确诊,发布会,14
确诊,消息,26
确诊,医学观察,21
确诊,追踪,12
确诊,网站,14
确诊,市例,10
确诊,今日,10
确诊,密切接触,24
确诊,当日,12
确诊,解除,12
新增,现有,18
新增,截至,32
新增,新疆生产建设兵团,10
新增,死亡,22
新增,报告,35
新增,疑似病例,21
新增,武汉市,14
新增,隔离,14
新增,孝感市,10
新增,新型,23
新增,冠状病毒,23
新增,鄂州市,10
新增,随州市,10
新增,委员会,12
新增,感染,12
新增,接受,17
新增,全省,13
新增,年月日时,19
新增,日时,20
新增,黄石市,10
新增,卫健委,24
新增,十堰市,10
新增,消息,28
新增,荆门市,10
新增,医学观察,21
新增,黄冈市,10
新增,追踪,12
新增,宜昌市,10
新增,荆州市,10
新增,咸宁市,10
新增,恩施州,10
新增,仙桃市,10
新增,天门市,10
新增,网站,17
新增,市例,13
新增,密切接触,20
新增,当日,13
新增,解除,11
现有,截至,15
现有,新疆生产建设兵团,11
现有,死亡,20
现有,报告,17
现有,疑似病例,16
现有,卫健委,11
现有,消息,13
现有,医学观察,13
现有,密切接触,12
人员,措施,10
人员,防疫,16
人员,党员,10
人员,人民,18
人员,复产,11
人员,隔离,12
人员,他们,13
人员,新型,11
人员,冠状病毒,11
人员,感染,13
人员,服务,11
人员,信息,12
人员,广大党员,10
人员,做好,12
人员,各地,10
人员,重点,11
人员,社区,12
人员,群众,12
人员,公众,12
人员,党组织,10
人员,党建,10
措施,人民,12
措施,组织,10
全国,人民,12
全国,时间,10
截至,死亡,21
截至,报告,30
截至,疑似病例,18
截至,武汉市,12
截至,危重,10
截至,隔离,11
截至,新型,16
截至,冠状病毒,16
截至,鄂州市,10
截至,随州市,10
截至,委员会,11
截至,感染,10
截至,接受,16
截至,全省,13
截至,年月日时,19
截至,日时,22
截至,卫健委,21
截至,责编,12
截至,消息,24
截至,医学观察,15
截至,黄冈市,10
截至,追踪,11
截至,网站,15
截至,市例,11
截至,密切接触,14
截至,当日,11
截至,解除,11
新疆生产建设兵团,死亡,11
新疆生产建设兵团,报告,10
死亡,报告,23
死亡,疑似病例,18
死亡,新型,15
死亡,冠状病毒,15
死亡,日时,13
死亡,卫健委,16
死亡,消息,16
死亡,医学观察,16
死亡,网站,10
死亡,密切接触,15
死亡,解除,10
报告,疑似病例,20
报告,武汉市,12
报告,隔离,16
报告,新型,21
报告,冠状病毒,21
报告,委员会,12
报告,感染,13
报告,接受,16
报告,全省,12
报告,年月日时,18
报告,日时,19
报告,卫健委,21
报告,责编,10
报告,消息,24
报告,医学观察,20
报告,黄冈市,10
报告,追踪,13
报告,网站,15
报告,市例,12
报告,密切接触,19
报告,当日,13
报告,解除,11
疑似病例,新型,13
疑似病例,冠状病毒,13
疑似病例,日时,12
疑似病例,卫健委,12
疑似病例,消息,17
疑似病例,医学观察,14
疑似病例,密切接触,16
防疫,党员,15
防疫,人民,16
防疫,组织,16
防疫,通过,10
防疫,服务,14
防疫,广大党员,12
防疫,干部,10
防疫,单位,10
防疫,社区,12
防疫,群众,11
防疫,中国共产党,10
防疫,公众,11
防疫,基层,11
防疫,宣传,11
防疫,党组织,13
防疫,党员干部,10
防疫,党建,14
防疫,先锋,10
党员,人民,37
党员,各级,16
党员,组织,22
党员,复产,12
党员,发挥,15
党员,战疫,10
党员,阻击战,10
党员,战斗,16
党员,通过,12
党员,服务,19
党员,活动,17
党员,党支部,11
党员,广大党员,33
党员,做好,13
党员,干部,16
党员,单位,10
党员,社区,19
党员,群众,18
党员,中国共产党,25
党员,领导,10
党员,公众,24
党员,基层,17
党员,宣传,20
党员,党组织,37
党员,党员干部,14
党员,党建,35
党员,先锋,19
党员,新闻网,23
党员,模范作用,12
需要,他们,11
需要,没有,10
武汉市,人民,10
武汉市,隔离,14
武汉市,他们,13
武汉市,孝感市,10
武汉市,新型,13
武汉市,冠状病毒,12
武汉市,医生,14
武汉市,鄂州市,10
武汉市,随州市,10
武汉市,感染,16
武汉市,接受,11
武汉市,年月日时,10
武汉市,黄石市,10
武汉市,卫健委,11
武汉市,十堰市,10
武汉市,消息,14
武汉市,荆门市,10
武汉市,黄冈市,10
武汉市,宜昌市,10
武汉市,荆州市,10
武汉市,咸宁市,10
武汉市,恩施州,10
武汉市,仙桃市,10
武汉市,天门市,10
武汉市,网站,10
武汉市,市例,10
武汉市,没有,11
人民,各级,24
人民,组织,33
人民,复产,20
人民,发挥,18
人民,战疫,20
人民,抗击,12
人民,阻击战,15
人民,一个,14
人民,他们,16
人民,情况,10
人民,管理,12
人民,战斗,23
人民,这场,10
人民,感染,13
人民,通过,20
人民,力量,13
人民,服务,23
人民,志愿者,10
人民,活动,21
人民,信息,11
人民,党支部,12
人民,广大党员,47
人民,打赢,10
人民,做好,17
人民,干部,22
人民,及时,10
人民,主动,10
人民,落实,11
人民,要求,11
人民,重点,16
人民,发布,10
人民,单位,10
人民,同时,16
人民,社区,19
人民,群众,30
人民,中国共产党,37
人民,成立,11
人民,没有,11
人民,领导,13
人民,微信,10
人民,发展,15
人民,公众,37
人民,全区,11
人民,基层,21
人民,宣传,25
人民,举措,11
人民,党组织,52
人民,党员干部,16
人民,党建,48
人民,先锋,21
人民,新闻网,36
人民,堡垒作用,11
人民,模范作用,14
各级,组织,13
各级,广大党员,21
各级,干部,15
各级,群众,15
各级,中国共产党,13
各级,公众,13
各级,宣传,11
各级,党组织,23
各级,党员干部,10
各级,党建,19
各级,新闻网,12
组织,复产,13
组织,发挥,12
组织,战疫,10
组织,战斗,13
组织,部门,12
组织,通过,14
组织,服务,23
组织,活动,13
组织,广大党员,26
组织,做好,11
组织,干部,11
组织,重点,12
组织,单位,10
组织,同时,15
组织,社区,15
组织,群众,12
组织,中国共产党,20
组织,公众,17
组织,基层,14
组织,宣传,12
组织,党组织,29
组织,党员干部,11
组织,党建,28
组织,先锋,17
组织,新闻网,19
组织,模范作用,10
复产,通过,12
复产,服务,18
复产,广大党员,15
复产,做好,10
复产,重点,13
复产,中国共产党,12
复产,发展,13
复产,公众,13
复产,党组织,18
复产,党建,18
复产,新闻网,12
发挥,服务,10
发挥,广大党员,14
发挥,中国共产党,11
发挥,公众,12
发挥,党组织,18
发挥,党建,17
发挥,新闻网,11
战疫,社区,10
战疫,党建,10
时间,他们,10
时间,感染,12
时间,没有,10
一个,他们,12
一个,感染,11
一个,病毒,10
一个,没有,13
一个,不能,11
隔离,他们,14
隔离,新型,13
隔离,冠状病毒,13
隔离,感染,10
隔离,接受,11
隔离,卫健委,11
隔离,消息,12
隔离,黄冈市,10
隔离,市例,10
他们,医生,13
他们,病人,10
他们,护士,14
他们,自己,15
他们,大家,12
他们,感染,12
他们,没有,16
孝感市,鄂州市,10
孝感市,随州市,10
孝感市,年月日时,10
孝感市,黄石市,10
孝感市,十堰市,10
孝感市,消息,10
孝感市,荆门市,10
孝感市,黄冈市,10
孝感市,宜昌市,10
孝感市,荆州市,10
孝感市,咸宁市,10
孝感市,恩施州,10
孝感市,仙桃市,10
孝感市,天门市,10
孝感市,市例,10
新型,冠状病毒,59
新型,标题,11
新型,感染,43
新型,接受,11
新型,年月日时,12
新型,日时,15
新型,卫健委,12
新型,正在,11
新型,出现,10
新型,消息,15
新型,医学观察,12
新型,密切接触,12
冠状病毒,标题,12
冠状病毒,感染,42
冠状病毒,接受,11
冠状病毒,年月日时,12
冠状病毒,日时,15
冠状病毒,卫健委,12
冠状病毒,正在,11
冠状病毒,消息,14
冠状病毒,医学观察,12
冠状病毒,密切接触,12
检测,核酸,13
标题,感染,13
医生,护士,10
医生,没有,11
鄂州市,随州市,10
鄂州市,年月日时,10
鄂州市,黄石市,10
鄂州市,十堰市,10
鄂州市,消息,10
鄂州市,荆门市,10
鄂州市,黄冈市,10
鄂州市,宜昌市,10
鄂州市,荆州市,10
鄂州市,咸宁市,10
鄂州市,恩施州,10
鄂州市,仙桃市,10
鄂州市,天门市,10
鄂州市,市例,10
表示,情况,11
表示,国务院,11
表示,联防,10
表示,联控,10
表示,机制,11
表示,新闻,16
表示,发布会,21
表示,举行,15
表示,今日,17
病人,感染,13
护士,病房,10
自己,没有,10
情况,感染,13
情况,新闻,12
情况,发布会,14
情况,及时,10
情况,举行,12
情况,今日,10
管理,感染,11
管理,社区,10
主任,发布会,11
主任,举行,11
主任,今日,10
随州市,年月日时,10
随州市,黄石市,10
随州市,十堰市,10
随州市,消息,10
随州市,荆门市,10
随州市,黄冈市,10
随州市,宜昌市,10
随州市,荆州市,10
随州市,咸宁市,10
随州市,恩施州,10
随州市,仙桃市,10
随州市,天门市,10
随州市,市例,10
战斗,广大党员,16
战斗,中国共产党,13
战斗,公众,13
战斗,基层,12
战斗,党组织,18
战斗,党员干部,10
战斗,党建,18
战斗,先锋,14
战斗,新闻网,12
战斗,堡垒作用,11
战斗,模范作用,10
感染,加强,10
感染,没有,14
接受,全省,10
接受,年月日时,13
接受,卫健委,11
接受,消息,16
接受,荆门市,10
接受,仙桃市,10
接受,网站,12
接受,市例,11
通过,服务,12
通过,广大党员,16
通过,做好,10
通过,同时,10
通过,中国共产党,13
通过,公众,17
通过,宣传,12
通过,党组织,18
通过,党建,18
通过,新闻网,13
加强,做好,15
加强,及时,12
全省,年月日时,13
全省,消息,11
全省,咸宁市,10
全省,市例,10
年月日时,黄石市,10
年月日时,卫健委,11
年月日时,十堰市,10
年月日时,消息,15
年月日时,荆门市,10
年月日时,黄冈市,10
年月日时,宜昌市,10
年月日时,荆州市,10
年月日时,咸宁市,10
年月日时,恩施州,10
年月日时,仙桃市,10
年月日时,天门市,10
年月日时,网站,12
年月日时,市例,11
日时,卫健委,11
日时,责编,10
日时,消息,13
日时,医学观察,13
日时,密切接触,12
黄石市,十堰市,10
黄石市,消息,10
黄石市,荆门市,10
黄石市,黄冈市,10
黄石市,宜昌市,10
黄石市,荆州市,10
黄石市,咸宁市,10
黄石市,恩施州,10
黄石市,仙桃市,10
黄石市,天门市,10
黄石市,市例,10
服务,指导,11
服务,广大党员,18
服务,做好,16
服务,志愿,11
服务,机制,10
服务,政策,11
服务,重点,15
服务,单位,10
服务,同时,10
服务,社区,13
服务,群众,13
服务,中国共产党,12
服务,成立,11
服务,发展,12
服务,公众,15
服务,基层,11
服务,宣传,12
服务,党组织,22
服务,党建,22
服务,新闻网,11
国务院,联防,14
国务院,联控,13
国务院,机制,12
国务院,发布会,14
联防,联控,20
联防,机制,14
联防,新闻,10
联防,发布会,13
联控,机制,13
联控,新闻,10
联控,发布会,13
卫健委,消息,18
卫健委,医学观察,12
卫健委,网站,14
卫健委,密切接触,10
卫健委,当日,10
活动,广大党员,18
活动,中国共产党,18
活动,公众,17
活动,党组织,19
活动,党建,19
活动,先锋,12
活动,新闻网,18
信息,群众,10
党支部,党组织,11
党支部,党建,12
广大党员,做好,12
广大党员,干部,18
广大党员,重点,14
广大党员,同时,10
广大党员,社区,16
广大党员,群众,17
广大党员,中国共产党,37
广大党员,领导,12
广大党员,发展,11
广大党员,公众,35
广大党员,全区,10
广大党员,基层,18
广大党员,宣传,22
广大党员,举措,11
广大党员,党组织,48
广大党员,党员干部,14
广大党员,党建,45
广大党员,先锋,20
广大党员,新闻网,36
广大党员,堡垒作用,10
广大党员,模范作用,14
十堰市,消息,10
十堰市,荆门市,10
十堰市,黄冈市,10
十堰市,宜昌市,10
十堰市,荆州市,10
十堰市,咸宁市,10
十堰市,恩施州,10
十堰市,仙桃市,10
十堰市,天门市,10
十堰市,市例,10
做好,及时,10
做好,要求,10
做好,重点,18
做好,群众,13
做好,中国共产党,10
做好,公众,10
做好,宣传,10
做好,党组织,13
做好,党建,14
做好,新闻网,10
干部,社区,11
干部,群众,15
干部,中国共产党,13
干部,公众,12
干部,宣传,11
干部,党组织,20
干部,党员干部,11
干部,党建,16
干部,新闻网,12
机制,新闻,11
机制,发布会,14
新闻,发布会,28
新闻,举行,16
新闻,今日,17
发布会,举行,20
发布会,今日,22
要求,重点,10
要求,群众,10
重点,群众,10
重点,中国共产党,12
重点,发展,10
重点,公众,10
重点,党组织,14
重点,党建,14
重点,新闻网,12
消息,荆门市,10
消息,医学观察,15
消息,黄冈市,10
消息,追踪,10
消息,宜昌市,10
消息,荆州市,10
消息,咸宁市,10
消息,恩施州,10
消息,仙桃市,10
消息,天门市,10
消息,网站,18
消息,市例,12
消息,密切接触,15
消息,当日,11
消息,解除,10
荆门市,黄冈市,10
荆门市,宜昌市,10
荆门市,荆州市,10
荆门市,咸宁市,10
荆门市,恩施州,10
荆门市,仙桃市,10
荆门市,天门市,10
荆门市,市例,10
同时,公众,10
同时,党组织,11
同时,党建,11
医学观察,追踪,11
医学观察,密切接触,17
医学观察,解除,11
黄冈市,宜昌市,10
黄冈市,荆州市,10
黄冈市,咸宁市,10
黄冈市,恩施州,10
黄冈市,仙桃市,10
黄冈市,天门市,10
黄冈市,市例,10
追踪,密切接触,10
社区,群众,11
社区,中国共产党,12
社区,小区,10
社区,公众,13
社区,基层,13
社区,宣传,12
社区,党组织,19
社区,党建,18
社区,新闻网,11
宜昌市,荆州市,10
宜昌市,咸宁市,10
宜昌市,恩施州,10
宜昌市,仙桃市,10
宜昌市,天门市,10
宜昌市,市例,10
荆州市,咸宁市,10
荆州市,恩施州,10
荆州市,仙桃市,10
荆州市,天门市,10
荆州市,市例,10
咸宁市,恩施州,10
咸宁市,仙桃市,10
咸宁市,天门市,10
咸宁市,市例,10
恩施州,仙桃市,10
恩施州,天门市,10
恩施州,市例,10
仙桃市,天门市,10
仙桃市,市例,10
天门市,市例,10
群众,中国共产党,10
群众,公众,11
群众,宣传,13
群众,党组织,20
群众,党建,16
中国共产党,公众,32
中国共产党,基层,14
中国共产党,宣传,19
中国共产党,举措,10
中国共产党,党组织,37
中国共产党,党员干部,11
中国共产党,党建,37
中国共产党,先锋,16
中国共产党,新闻网,36
中国共产党,模范作用,11
成立,党组织,11
成立,党建,11
一些,不能,11
习近平,总书记,12
领导,党组织,12
领导,党建,10
举行,今日,18
今日,上午,10
微信,公众,10
密切接触,解除,11
发展,党组织,12
发展,党建,12
公众,基层,15
公众,宣传,20
公众,党组织,36
公众,党员干部,11
公众,党建,36
公众,先锋,13
公众,新闻网,32
公众,模范作用,10
全区,党组织,11
全区,党建,11
基层,宣传,10
基层,党组织,20
基层,党员干部,11
基层,党建,19
基层,先锋,13
基层,新闻网,13
宣传,党组织,24
宣传,党员干部,12
宣传,党建,24
宣传,先锋,10
宣传,新闻网,18
举措,党组织,11
举措,党建,11
举措,新闻网,10
党组织,党员干部,16
党组织,党建,49
党组织,先锋,22
党组织,新闻网,36
党组织,堡垒作用,11
党组织,模范作用,14
党员干部,党建,15
党员干部,先锋,11
党员干部,新闻网,10
党建,先锋,23
党建,新闻网,36
党建,堡垒作用,11
党建,模范作用,14
先锋,新闻网,15
先锋,模范作用,13
新闻网,模范作用,11
